,range_start,range_end,locationid,total,Shape_Leng,the_geom,Shape_Area,zone,LocationID,borough,lat,lng
0,2020-01-01T00:00:00.000-08:00,2020-05-01T00:00:00.000-07:00,,0,,[[]],,,,,,
1,2020-05-01T00:00:00.000-07:00,2020-09-01T00:00:00.000-07:00,,0,,[[]],,,,,,
2,2020-09-01T00:00:00.000-07:00,2021-01-01T00:00:00.000-08:00,263.0,1,0.0370166252994,"[[-73.95218621999996, 40.77301984499992], [-73.95268514999994, 40.772339404999926], [-73.95505481599999, 40.773336850999954], [-73.95729409999986, 40.7742835549999], [-73.95679749099989, 40.77496631099994], [-73.95633492299991, 40.77560078299992], [-73.9558693369999, 40.77623622599986], [-73.9554072979999, 40.776868479999926], [-73.9549452009999, 40.77750394699991], [-73.95448224099997, 40.77813866499987], [-73.9539837019998, 40.77882210999991], [-73.95349212400005, 40.77949662199995], [-73.95303367999988, 40.780125454999926], [-73.95257421900006, 40.780753033999865], [-73.9521220329999, 40.78138670999995], [-73.95165920699998, 40.78200767399993], [-73.95119927299987, 40.7826333919999], [-73.95073913799986, 40.783261709999884], [-73.95028254899988, 40.783890469999946], [-73.9498239039999, 40.784515570999886], [-73.94933170599992, 40.78519312699994], [-73.94706938199998, 40.78423622699995], [-73.94472264499986, 40.78324757199989], [-73.94521308599991, 40.782570746999944], [-73.94525035499998, 40.782519863999916], [-73.94536565199984, 40.78236245099987], [-73.94566981599996, 40.78194717599993], [-73.94573785299986, 40.781854041999964], [-73.94588094499986, 40.78165816599989], [-73.94613091699998, 40.78131597799995], [-73.946197187, 40.78122601799986], [-73.94630631700001, 40.781077875999884], [-73.94642443299978, 40.78091753399991], [-73.94647764199985, 40.78084530299988], [-73.94659059199999, 40.78069197399987], [-73.9470492189998, 40.78006434699994], [-73.94750818099986, 40.77943712299992], [-73.94796768199993, 40.77880646599992], [-73.94842272599978, 40.77818264099989], [-73.9488804199999, 40.77755328499992], [-73.9493736669999, 40.776875747999945], [-73.94987249699994, 40.77619615099997], [-73.95033856500001, 40.77556320899991], [-73.95079834699999, 40.774927767999884], [-73.9512617339999, 40.774291940999944], [-73.95172338299997, 40.77365653199994], [-73.95181761599994, 40.77352690399989], [-73.95218621999996, 40.77301984499992]]",6.5769766417e-05,Yorkville West,263.0,Manhattan,40.77901985064576,-73.95019865397909
3,2020-09-01T00:00:00.000-07:00,2021-01-01T00:00:00.000-08:00,163.0,1,0.0341768669752,"[[-73.98136213699995, 40.76783673899992], [-73.97907658799991, 40.76687608599993], [-73.97836113000002, 40.766573710999886], [-73.97623388799995, 40.765674630999854], [-73.9741922899999, 40.764806527999916], [-73.9736358469999, 40.76456991299992], [-73.97301487199995, 40.76427887899991], [-73.97141141699996, 40.763587473999955], [-73.9699048929999, 40.762958042999834], [-73.96980028899992, 40.76291351199995], [-73.97025814699983, 40.76228875299991], [-73.97075063899997, 40.76160870199995], [-73.97124277300003, 40.76093641799986], [-73.97133777299992, 40.760977297999894], [-73.97285250499992, 40.76161435699987], [-73.97445730599989, 40.762293083999914], [-73.977686006, 40.76364440299992], [-73.97813931699997, 40.76302401399992], [-73.97860169399989, 40.76239607199995], [-73.98143351999995, 40.763594359999914], [-73.9824697079998, 40.76403346399993], [-73.98428230099987, 40.76479181499995], [-73.98382185700001, 40.76541847499991], [-73.98336657899995, 40.766045241999926], [-73.98287713499988, 40.766715594999866], [-73.98236545099999, 40.7673921529999], [-73.98215157200003, 40.76768179699994], [-73.98205899699985, 40.76764257499985], [-73.9820588189999, 40.76764250299994], [-73.98205860599991, 40.76764244899991], [-73.98195445399982, 40.76761766099985], [-73.981954182, 40.76761759699986], [-73.98195388499981, 40.76761757899992], [-73.98184408100003, 40.76760970899987], [-73.98184380799981, 40.76760969099991], [-73.98184353599999, 40.767609717999925], [-73.98173502899986, 40.76761929099996], [-73.98173489899985, 40.76761929999994], [-73.98173478100003, 40.7676193279999], [-73.98163412099991, 40.76764472399989], [-73.98155301499993, 40.76768021699989], [-73.98147898799989, 40.76772505899991], [-73.98141469499981, 40.76777787299987], [-73.98136213699995, 40.76783673899992]]",4.085678042e-05,Midtown North,163.0,Manhattan,40.76556053479537,-73.9787569469772
4,2020-09-01T00:00:00.000-07:00,2021-01-01T00:00:00.000-08:00,231.0,1,0.0634201165587,"[[-74.00931760399995, 40.72470155099989], [-74.00864380599997, 40.72422131699991], [-74.00857090999989, 40.724169354999894], [-74.00830216299991, 40.72397780899997], [-74.00807835299996, 40.72382686299988], [-74.00791205999997, 40.72369976699988], [-74.00762904199998, 40.72349770399995], [-74.00629841699995, 40.72254950399988], [-74.00591289899992, 40.7222529489999], [-74.0053098609999, 40.72182419199987], [-74.00522684899992, 40.72174422199989], [-74.00463516199997, 40.721353632999865], [-74.00392928399991, 40.72085443499993], [-74.00351186399998, 40.7205563519999], [-74.0032595509999, 40.72037709599996], [-74.00260001899987, 40.719903425999874], [-74.00188406299992, 40.71939757099991], [-74.00140055699995, 40.719052620999896], [-74.00127273399993, 40.71896142599997], [-74.00053195499999, 40.71843023899987], [-73.999956209, 40.71801709499989], [-74.00027443699997, 40.71761940199987], [-74.00081842499998, 40.71692970799994], [-74.00168306199991, 40.71574412299987], [-74.00211455799992, 40.715158909999936], [-74.002453932, 40.71478981999997], [-74.00272286199994, 40.71438970899991], [-74.00321983099997, 40.714036236999895], [-74.00360280399998, 40.71364542999989], [-74.004059007, 40.71313478999985], [-74.00421405399993, 40.712980742999896], [-74.00429113899996, 40.71290782599993], [-74.00470652299994, 40.71257401499987], [-74.00485768099996, 40.7124525409999], [-74.00498716699994, 40.712374856999894], [-74.00512712599992, 40.71230677399993], [-74.00527561999998, 40.71224943999993], [-74.00543047899994, 40.712203694999914], [-74.00558932999998, 40.712170053999905], [-74.00574044699991, 40.71208875699989], [-74.00589174999999, 40.71200715999993], [-74.00607752399999, 40.7119623529999], [-74.00698584099997, 40.71173749899987], [-74.00738921499999, 40.71164226999986], [-74.00746749399993, 40.71156690299989], [-74.00796787799999, 40.71144733199986], [-74.00834760999993, 40.71135854599988], [-74.00860085399992, 40.711392239999945], [-74.00883879499997, 40.71150395899991], [-74.01012167499995, 40.71208469599989], [-74.01166334799997, 40.71279805599988], [-74.01254378499995, 40.713179103999934], [-74.01359729999992, 40.7136233779999], [-74.01375388499997, 40.71369055499988], [-74.01359239999988, 40.71449431699989], [-74.01347524299992, 40.715110711999905], [-74.0133512149999, 40.71523331199993], [-74.01323384899992, 40.715656187999855], [-74.01314862399995, 40.716029349999886], [-74.0130514639999, 40.71645477099989], [-74.0128666309999, 40.717176100999886], [-74.01281566799992, 40.71735629799987], [-74.01244109199989, 40.71905767299989], [-74.0125546879999, 40.719069862999966], [-74.01270167899996, 40.71909177499987], [-74.01303068113208, 40.71913145590955], [-74.01301259080437, 40.71921511757715], [-74.01295868239187, 40.71947369644304], [-74.01296083955079, 40.71948393527159], [-74.0129144874633, 40.71970829322538], [-74.01294460912554, 40.719713197540514], [-74.01294583743953, 40.71969680842214], [-74.01302616790717, 40.71970920840729], [-74.01302432551543, 40.71972559759596], [-74.01344694115667, 40.71978202079137], [-74.01338906903435, 40.72004260727321], [-74.01396546195676, 40.72011613349159], [-74.01452415856508, 40.72018739744569], [-74.01450706139606, 40.720265906177275], [-74.01457231438083, 40.72027413774219], [-74.01451968588725, 40.72051578688329], [-74.01452586453652, 40.72051656945924], [-74.01452278990024, 40.72053205032778], [-74.01418581466784, 40.72048801202073], [-74.01414732641814, 40.720481589088564], [-74.01415861254227, 40.720431590837414], [-74.01409095949832, 40.720422747859125], [-74.01407954419396, 40.72047331152247], [-74.01400416755592, 40.720468520737754], [-74.01396301313083, 40.72046444645889], [-74.01396609722485, 40.72041363453815], [-74.01386714357214, 40.72040757231251], [-74.01385921064892, 40.72044993375784], [-74.013681739107, 40.720425901487225], [-74.0136874483683, 40.72039057527121], [-74.01364192748738, 40.720383366299956], [-74.01363580332405, 40.72041955013261], [-74.01354841723077, 40.72040685437942], [-74.01355378315908, 40.720368726324615], [-74.01350724376601, 40.720362832840436], [-74.01350069470506, 40.720401861823426], [-74.01296558526825, 40.720328675587126], [-74.01286909071982, 40.720833752211725], [-74.01323937337015, 40.72088798672807], [-74.01315895020863, 40.72125326078352], [-74.01313846153448, 40.72125131813748], [-74.01308347695151, 40.721528774532736], [-74.01308010145627, 40.721545807195234], [-74.01307805009768, 40.72154553033896], [-74.01304353513854, 40.72154472392732], [-74.01300955803927, 40.721560486512075], [-74.01253875807251, 40.721503176576356], [-74.0124917103152, 40.72177975782742], [-74.01237071715381, 40.722387580578996], [-74.01223080840143, 40.72305625707263], [-74.01209463829593, 40.72370705248107], [-74.01196432024551, 40.72432986411989], [-74.01159122599992, 40.724297603999936], [-74.01143933, 40.72428446899996], [-74.01135428299995, 40.724277182999884], [-74.011176661, 40.725169424999905], [-74.01103681999996, 40.72572537699997], [-74.01102457999994, 40.72579386199993], [-74.01092277299992, 40.72579415099991], [-74.0108123829999, 40.725789802999955], [-74.01004078699994, 40.725206162999925], [-74.00931760399995, 40.72470155099989]]",0.000166929752992,TriBeCa/Civic Center,231.0,Manhattan,40.71884791267151,-74.00988012165361
5,2020-09-01T00:00:00.000-07:00,2021-01-01T00:00:00.000-08:00,48.0,3,0.0437467441431,"[[-73.99117738199989, 40.75532984899993], [-73.99163271299996, 40.75470680499996], [-73.99446824699999, 40.75590886199993], [-73.99500601599988, 40.756136713999865], [-73.99511286399995, 40.756175773999864], [-73.99577488199998, 40.75645451499986], [-73.99730671499998, 40.757110506999894], [-73.997233738, 40.7572095429999], [-73.99692177899989, 40.757637581999894], [-73.99685244899985, 40.75773270899988], [-73.996800897, 40.757789159999945], [-73.99663529299984, 40.75801292199992], [-73.99640941599995, 40.75833915899992], [-73.99594236599988, 40.75898097899996], [-73.99547450199992, 40.7596268569999], [-73.99498358099996, 40.760300161999986], [-73.9945259329999, 40.760927044999924], [-73.99406959, 40.761552584999926], [-73.99360930599991, 40.76218343599989], [-73.99315623899986, 40.76280636099991], [-73.9927014349998, 40.76343080599987], [-73.99224402800002, 40.764056778999894], [-73.99178834099983, 40.76468386799991], [-73.99133264599988, 40.765309269999925], [-73.99087599499985, 40.7659342209999], [-73.99042167999981, 40.766561257999854], [-73.98996382699985, 40.7671874749999], [-73.98950498200001, 40.76781538199989], [-73.98905077199991, 40.768440091999906], [-73.98855898599986, 40.7691158169999], [-73.98806289599996, 40.769790799999925], [-73.98521720299992, 40.76859462999991], [-73.98236545099999, 40.7673921529999], [-73.98287713499988, 40.766715594999866], [-73.98336657899995, 40.766045241999926], [-73.98382185700001, 40.76541847499991], [-73.98428230099987, 40.76479181499995], [-73.98473393799985, 40.76416910499991], [-73.98519152199997, 40.76354367499996], [-73.98564677799999, 40.76291487399988], [-73.98610406199981, 40.76228995299988], [-73.98656138499996, 40.76166012199991], [-73.98701514599995, 40.76103736699991], [-73.987475247, 40.76040478699993], [-73.98792640699999, 40.75979027699988], [-73.98839044599993, 40.75916418599997], [-73.98884253899993, 40.75853349899993], [-73.98929727499991, 40.75790663699991], [-73.98979085399995, 40.75723313199991], [-73.99027621399986, 40.756567564999926], [-73.99072636299991, 40.75595040599996], [-73.99117738199989, 40.75532984899993]]",9.4253842538e-05,Clinton East,48.0,Manhattan,40.76139808919221,-73.99074395346146
6,2020-09-01T00:00:00.000-07:00,2021-01-01T00:00:00.000-08:00,170.0,1,0.0457690091051,"[[-73.97203331099983, 40.745804967999945], [-73.97212958899986, 40.74568090199994], [-73.97257598299977, 40.74506785499992], [-73.97302670299986, 40.74445004099993], [-73.97350835000003, 40.743782033999885], [-73.97522419999986, 40.744504681999906], [-73.97588117699995, 40.74477922399991], [-73.97735988999995, 40.74540421599994], [-73.97812378199983, 40.74572717299987], [-73.97860713299984, 40.7450578309999], [-73.9790584949999, 40.7444435519999], [-73.97950791000001, 40.74382520099996], [-73.97995899799996, 40.743205200999924], [-73.98040998099987, 40.74258715999988], [-73.98085965399993, 40.741969767999905], [-73.98245520799999, 40.74264695999995], [-73.98400852, 40.74329901799996], [-73.98407485299994, 40.7433247179999], [-73.98362519999995, 40.7439431149999], [-73.98317411899995, 40.7445603109999], [-73.98272686499999, 40.74518041399988], [-73.98233039299987, 40.74572641199994], [-73.98227872699987, 40.74579756299987], [-73.98183365099987, 40.74641659099996], [-73.98177455300002, 40.74649679899989], [-73.98134068699997, 40.747078663999936], [-73.98085054399985, 40.74775036999989], [-73.98094249999997, 40.747790070999905], [-73.98247211999985, 40.74843150099986], [-73.98407636100002, 40.74910212499994], [-73.983621411, 40.749723770999935], [-73.98317416299989, 40.75034220899994], [-73.98272387399996, 40.750958943999905], [-73.98227490399981, 40.75157729799986], [-73.98182244299983, 40.75219712699989], [-73.98137143199989, 40.752813855999946], [-73.98088709899987, 40.75348098899989], [-73.97928686199992, 40.75280049699995], [-73.9783696929999, 40.75241622699992], [-73.97779152099986, 40.7521675949999], [-73.97767660499981, 40.7521189369999], [-73.97754284999984, 40.7520635559999], [-73.97710781099983, 40.75188340599991], [-73.97685152399993, 40.75177649399989], [-73.97604824899986, 40.75144139299993], [-73.9744494109998, 40.75076644499992], [-73.9749347119999, 40.75009962799993], [-73.97538295899986, 40.74948305799993], [-73.9758346669999, 40.74886314599998], [-73.97497000599988, 40.748501848999865], [-73.97359187599997, 40.74791866299991], [-73.9727379199999, 40.74755798999995], [-73.97121971999988, 40.74692154099996], [-73.97165740599984, 40.746303693999955], [-73.97174810699977, 40.74618613899989], [-73.97194428900002, 40.745931871999886], [-73.97203331099983, 40.745804967999945]]",7.4315067597e-05,Murray Hill,170.0,Manhattan,40.747472556701666,-73.97830323301744
7,2020-09-01T00:00:00.000-07:00,2021-01-01T00:00:00.000-08:00,137.0,1,0.0461076242707,"[[-73.97219641647804, 40.74040257875024], [-73.97221685422322, 40.74030762506154], [-73.97226753642127, 40.740313743277184], [-73.9722700133414, 40.74030857434567], [-73.97225332319164, 40.740300105554866], [-73.97224837803633, 40.74029117185863], [-73.97229979590853, 40.740034962742975], [-73.97231030439093, 40.74001851267486], [-73.97233141721733, 40.7400109081997], [-73.97243888981417, 40.74002174997318], [-73.97253745182257, 40.73966141394607], [-73.97265743803044, 40.739222754276966], [-73.97265528968896, 40.73917826848007], [-73.9726506037967, 40.73905826571552], [-73.97264431062423, 40.73901746233535], [-73.97264512721954, 40.738958668310985], [-73.97264674830716, 40.73884587151235], [-73.97263256455133, 40.738789470052794], [-73.97263100998644, 40.738740265008055], [-73.97262787457508, 40.73870906197222], [-73.97262630543392, 40.73866586408449], [-73.97262792189784, 40.738593869671085], [-73.97262084766338, 40.73852066599611], [-73.9726192965622, 40.738463068045895], [-73.97262753952535, 40.73840038548476], [-73.97263884800155, 40.73839530977717], [-73.97263833265164, 40.73837968597632], [-73.97262807328735, 40.73836796724543], [-73.97262452608486, 40.73824336395957], [-73.9726327464413, 40.73823242426211], [-73.97263327107359, 40.738223833298434], [-73.97262254718066, 40.738217068211725], [-73.97261946865977, 40.73804427874751], [-73.97261474017301, 40.73802986934807], [-73.9726060999748, 40.737938672288784], [-73.97261872947428, 40.73791467680059], [-73.9726124265646, 40.73789787206911], [-73.97260457307685, 40.73782227307573], [-73.97261404225611, 40.73779827683594], [-73.97260621196618, 40.73766627757036], [-73.97260583208758, 40.73749474970565], [-73.97257739454064, 40.73749433836131], [-73.97257959604842, 40.73735478687316], [-73.97256998441054, 40.73726378775497], [-73.97259412459493, 40.73726174867489], [-73.97259521395056, 40.73723114989956], [-73.97260003717393, 40.737221768395315], [-73.97259458103935, 40.73718868180281], [-73.97260563605106, 40.73716588375281], [-73.97259459485838, 40.73715508388077], [-73.97259775633782, 40.737122685024104], [-73.97259776670337, 40.73709748050962], [-73.97258360606305, 40.73701588054919], [-73.97258445692434, 40.73687548339179], [-73.97259038224664, 40.73676965534477], [-73.9725829245608, 40.73674468509609], [-73.972579797985, 40.736690689579284], [-73.97257525871015, 40.73664650893144], [-73.97255622610943, 40.73646148552752], [-73.9725633368432, 40.73644588163205], [-73.97248994174741, 40.73580328010761], [-73.9725101678601, 40.735787129859595], [-73.97286939178467, 40.73577086128555], [-73.97441385816511, 40.736414393859], [-73.97445975070453, 40.73629401971837], [-73.974416773548, 40.73627772610679], [-73.97441154346602, 40.73628527904678], [-73.97439952343301, 40.73628408408965], [-73.97402692104305, 40.73612576724549], [-73.97404679254456, 40.73609992993463], [-73.97442932366866, 40.736260633491526], [-73.97442775474407, 40.73626619954391], [-73.97446647047282, 40.73627845682991], [-73.97450376013232, 40.736064588444], [-73.97447471755295, 40.73606238071294], [-73.97444082924032, 40.73605047965705], [-73.97443372879933, 40.73605371686953], [-73.97414062018366, 40.73595565716735], [-73.97415127634777, 40.735933792668014], [-73.97444722336759, 40.73603347295401], [-73.97444828612812, 40.73603779285906], [-73.97447828183064, 40.73604418545101], [-73.97450488285963, 40.73604228053671], [-73.97451459772603, 40.735894598411235], [-73.97450793938151, 40.73579694577236], [-73.97448737985142, 40.735876987533125], [-73.97444962990862, 40.73587039671474], [-73.97446125831894, 40.73583242506949], [-73.97424881734733, 40.73579823084531], [-73.97424533118316, 40.73578115493269], [-73.97425771965976, 40.73576732638401], [-73.974469391487, 40.73579916097891], [-73.97446862602692, 40.7357891567999], [-73.97447676009864, 40.73578915860297], [-73.97447066995052, 40.73572851519182], [-73.97446461207309, 40.73566817266455], [-73.97439147294988, 40.73566874159347], [-73.97439108143224, 40.73567315398562], [-73.97426298913933, 40.73567253975694], [-73.97426396904014, 40.73567694357618], [-73.97419155221249, 40.73568111586587], [-73.97418881323293, 40.73566089849516], [-73.97415673129369, 40.73565879219353], [-73.97414539712055, 40.73567255831331], [-73.97409217163273, 40.73564160471855], [-73.9740893642723, 40.73564553073938], [-73.97341851539187, 40.735367886022004], [-73.97343868734961, 40.735341388996005], [-73.97305698712053, 40.73517745341554], [-73.97280661710455, 40.73552391852113], [-73.97293673973691, 40.73559924929959], [-73.9729303192644, 40.73560761439672], [-73.97276308380349, 40.73550508747356], [-73.97299695202474, 40.73518650689114], [-73.9729639526808, 40.735169066679866], [-73.97293185609784, 40.73520531236901], [-73.97288512856927, 40.73518020390186], [-73.97286403116168, 40.735212267015186], [-73.97283745943452, 40.73519971670444], [-73.97294520758678, 40.73506517007111], [-73.97296719785788, 40.73507843076685], [-73.97294519031807, 40.7351077005131], [-73.97299560236563, 40.73512793848568], [-73.9729708363559, 40.735157216971274], [-73.97300291199267, 40.73517256003519], [-73.97303684713691, 40.7351279481501], [-73.97329895046123, 40.735242355077084], [-73.97332187458159, 40.73520191866486], [-73.97331638345146, 40.735196342781975], [-73.97329897672428, 40.73517681588363], [-73.97327881634085, 40.73514752741424], [-73.97327241144049, 40.7351189338514], [-73.97327700851481, 40.73507919579837], [-73.97329627362959, 40.7350408566426], [-73.97332929043593, 40.735010877391716], [-73.97336870942664, 40.73498927476267], [-73.97341821248345, 40.73497115816109], [-73.97345945915038, 40.73496837685119], [-73.97352270834288, 40.734975360846946], [-73.9735447289197, 40.73494432655072], [-73.97443700979296, 40.73531635606464], [-73.97467193099992, 40.73539830299991], [-73.97474900599997, 40.73542518899997], [-73.9748261859999, 40.73538167399991], [-73.9748930509999, 40.73537519599992], [-73.97495992999993, 40.73536871799993], [-73.97511055299996, 40.73539025499991], [-73.97522275599997, 40.73539790799989], [-73.97589093699993, 40.735673198999955], [-73.9763637329999, 40.73586797799992], [-73.97712441199997, 40.736196797999895], [-73.97792798399998, 40.73654414599988], [-73.97833820599989, 40.7367214709999], [-73.97849845599995, 40.73679095699989], [-73.97805226499996, 40.7375539539999], [-73.97891574499987, 40.737917658999876], [-73.97949062699986, 40.73815979199986], [-73.98041832999985, 40.73855053099987], [-73.98266497499989, 40.73949733299986], [-73.98221134499993, 40.7401145349999], [-73.98176150799992, 40.740733112999905], [-73.98131180499988, 40.74135092399991], [-73.98085965399993, 40.741969767999905], [-73.98040998099987, 40.74258715999988], [-73.97995899799996, 40.743205200999924], [-73.97950790899995, 40.743825200999915], [-73.9790584949999, 40.7444435519999], [-73.97860713299984, 40.7450578309999], [-73.97812378199983, 40.74572717299987], [-73.97735988999995, 40.74540421599994], [-73.97588117699995, 40.74477922399991], [-73.97522419999986, 40.744504681999906], [-73.97350835000003, 40.743782033999885], [-73.97223028499984, 40.743249026999884], [-73.97210897599994, 40.74320549099992], [-73.97206165299998, 40.74318802999993], [-73.97198880299989, 40.74316289599995], [-73.97191659199993, 40.74313739399983], [-73.97167921200406, 40.74305446402989], [-73.97188888913038, 40.7427248203555], [-73.97176261327057, 40.74267267153466], [-73.97174059715836, 40.74266357950899], [-73.9717750124801, 40.74261591264713], [-73.97195955856255, 40.74233792154363], [-73.97204926316721, 40.7418877537763], [-73.97206949682803, 40.741788905934726], [-73.97210163980672, 40.741623202060914], [-73.97215263572176, 40.74138858760125], [-73.97219804813778, 40.74114466869176], [-73.97228618248482, 40.74073827407896], [-73.97228992099222, 40.74072103903176], [-73.9722128259937, 40.740711663608245], [-73.97219567275307, 40.74070957946137], [-73.9721826857009, 40.74070627990965], [-73.97216848387873, 40.740693120300485], [-73.97216477368652, 40.74067572212913], [-73.97216549760822, 40.74067216504988], [-73.97221525425884, 40.740426563519435], [-73.9722251561433, 40.740416696931206], [-73.97223504317171, 40.74041340340201], [-73.97223566211, 40.74040541522519], [-73.97219641647804, 40.74040257875024]]",0.000116455098947,Kips Bay,137.0,Manhattan,40.737884681111716,-73.97382133463047
8,2020-09-01T00:00:00.000-07:00,2021-01-01T00:00:00.000-08:00,237.0,1,0.0422126003388,"[[-73.96612747299989, 40.76217929999994], [-73.9665833839999, 40.76155093499988], [-73.96818687799986, 40.76222682099993], [-73.96968801199992, 40.76286596199986], [-73.96980028899992, 40.76291351199995], [-73.9699048929999, 40.762958042999834], [-73.97141141699996, 40.763587473999955], [-73.97301487199995, 40.76427887899991], [-73.97255352299985, 40.76489773199991], [-73.97209852400005, 40.76551725099991], [-73.97164774299996, 40.76614246799993], [-73.97118812999996, 40.766766592999915], [-73.97072777399985, 40.76739372199989], [-73.97028165499981, 40.768025031999905], [-73.96982455299987, 40.76864600899992], [-73.96936484599993, 40.76927065699993], [-73.96890454699994, 40.76990083199992], [-73.96844155899997, 40.77051632699992], [-73.96799327799991, 40.77114722999993], [-73.96753398399983, 40.77177618399991], [-73.96703947599987, 40.772461218999865], [-73.96653616999981, 40.7731403689999], [-73.96607448999993, 40.7737729889999], [-73.96560968599992, 40.77440720099987], [-73.96514745399985, 40.775044231999864], [-73.96468735799992, 40.77567708199995], [-73.96308760299976, 40.775002841999886], [-73.96158453899987, 40.77436878399993], [-73.9614758119999, 40.77432401099989], [-73.96136792699977, 40.77427876099991], [-73.95985681799993, 40.7736427679999], [-73.95825534899998, 40.772965336999896], [-73.9587170739999, 40.77233167499991], [-73.9591817999999, 40.77169682399995], [-73.959644408, 40.771064265999925], [-73.96010955199993, 40.77043221099989], [-73.96060180599979, 40.769749186999924], [-73.9611017069999, 40.7690593189999], [-73.96155824299983, 40.76843761199996], [-73.96201413099995, 40.76781230799988], [-73.9624699899999, 40.76718493299991], [-73.96292865800001, 40.76655862799987], [-73.96340154099988, 40.765911190999894], [-73.96384291099993, 40.76530968599997], [-73.9642979039999, 40.76468198699991], [-73.96475544899988, 40.76405706999992], [-73.96521328099986, 40.76343135899992], [-73.96566959999997, 40.76280455599994], [-73.96612747299989, 40.76217929999994]]",9.5987320662e-05,Upper East Side South,237.0,Manhattan,40.768456095306036,-73.96566603151011
9,2020-09-01T00:00:00.000-07:00,2021-01-01T00:00:00.000-08:00,249.0,1,0.03638434365,"[[-74.00250642399995, 40.72901638499997], [-74.00281726599992, 40.72836312899994], [-74.00312767499993, 40.72839380099989], [-74.00531369199996, 40.72860449399992], [-74.0070902079999, 40.72877225299994], [-74.00697298799992, 40.72949498999988], [-74.00685682099994, 40.7302282359999], [-74.00673713399992, 40.7309470659999], [-74.00662407199995, 40.73166937899993], [-74.00650135299995, 40.73242587499988], [-74.00640707699989, 40.733053939999884], [-74.0062942419999, 40.733742041999925], [-74.00618179699998, 40.734439131999885], [-74.00606869899997, 40.735133213999916], [-74.00596018000002, 40.7358450069999], [-74.00585387099987, 40.73653322599989], [-74.00579620299999, 40.73692169799991], [-74.0056870449999, 40.73755187899992], [-74.00559149599995, 40.73813833999992], [-74.00549494099988, 40.73875392299989], [-74.00539035999991, 40.73941197299994], [-74.00529178799992, 40.74002322299992], [-74.00515808199998, 40.74085808099991], [-74.00252381499989, 40.73975264399995], [-73.99968392199985, 40.73855224899989], [-73.99683993899998, 40.73736088899995], [-73.99734132799996, 40.736667888999925], [-73.99780443099984, 40.73603215799991], [-73.99827418999986, 40.73539113999988], [-73.99853021599989, 40.73503789199989], [-73.99871443800002, 40.73478386099987], [-73.999187803, 40.734134833999896], [-73.99955589199998, 40.73361059599991], [-73.99975771599985, 40.73334132199989], [-74.000066577, 40.7329292359999], [-74.00051066399996, 40.73231522299996], [-74.00095442299988, 40.731706097999954], [-74.00141242499994, 40.731065255999916], [-74.0016846549999, 40.73058156199995], [-74.00213899299997, 40.72979574399988], [-74.00220337299997, 40.72965325599995], [-74.00250642399995, 40.72901638499997]]",7.2215595773e-05,West Village,249.0,Manhattan,40.73381070285705,-74.00308130090468
10,2020-09-01T00:00:00.000-07:00,2021-01-01T00:00:00.000-08:00,90.0,1,0.0307591620819,"[[-73.9963368949999, 40.73804374699991], [-73.99683993899998, 40.73736088899995], [-73.99968392199985, 40.73855224899989], [-74.00252381499989, 40.73975264399995], [-74.00201937799989, 40.740444088999894], [-74.00155531499993, 40.741080025999935], [-74.00112917499989, 40.741668097999884], [-74.00070275499993, 40.7422536109999], [-74.0002751799999, 40.74283879799987], [-73.9998482359998, 40.743425018999915], [-73.99942208999991, 40.74400957299992], [-73.99897237399988, 40.74463005499994], [-73.99848652499992, 40.74529416399991], [-73.99800822000003, 40.74595130199988], [-73.99755164599995, 40.74658089999985], [-73.99709902899994, 40.74720510199991], [-73.99426258599996, 40.74600398099987], [-73.99141858599994, 40.74480268199988], [-73.9918710239999, 40.74418556999993], [-73.99206647199993, 40.74391620299988], [-73.99231888499988, 40.74356832299989], [-73.99280340900002, 40.74291001999997], [-73.99329166800001, 40.74223330099994], [-73.99373928799994, 40.74161720799987], [-73.99416492399986, 40.7410309369999], [-73.99459264899987, 40.74044198099993], [-73.99501798599992, 40.73986001099995], [-73.99544664199995, 40.7392721329999], [-73.99587409499989, 40.73868594599992], [-73.9963368949999, 40.73804374699991]]",5.531324763e-05,Flatiron,90.0,Manhattan,40.74218874363324,-73.99678865343326
11,2020-09-01T00:00:00.000-07:00,2021-01-01T00:00:00.000-08:00,75.0,1,0.0876638997685,"[[-73.94103496899987, 40.79254666899993], [-73.93864883299987, 40.79155775499987], [-73.93819346899994, 40.79218819499989], [-73.9377361209998, 40.79281580399994], [-73.9367920929999, 40.792403927999956], [-73.93555312799995, 40.79184222599987], [-73.93542842699998, 40.79199687999987], [-73.93529038199985, 40.79187313699992], [-73.93524060899985, 40.79183387499989], [-73.93519360499981, 40.79179799899988], [-73.93513822199999, 40.79175283499989], [-73.93508265899982, 40.79171004399995], [-73.93505300002766, 40.79168720295447], [-73.93510685331493, 40.79164962938518], [-73.93517135169378, 40.791605207031665], [-73.93526809778392, 40.791528025800446], [-73.93526500788931, 40.791525763481154], [-73.93519039296174, 40.79147116012903], [-73.93546762088405, 40.79126365205755], [-73.93553896695929, 40.79131869365976], [-73.93583106788897, 40.791094704870254], [-73.93602391823781, 40.79082912812602], [-73.93632010870607, 40.79042595764855], [-73.93669302210014, 40.78991304915909], [-73.93706168747059, 40.78941359021348], [-73.93705304578874, 40.78940641675745], [-73.93708104382307, 40.78936639571001], [-73.93707246262223, 40.78934584188616], [-73.93701479686747, 40.78932128118495], [-73.93614073314119, 40.78894907341049], [-73.93612836235276, 40.788938530059575], [-73.93612689279682, 40.78892686798536], [-73.93621859869943, 40.78880049757431], [-73.93622751295341, 40.78879561294985], [-73.9362430332504, 40.78879577415203], [-73.93714965461099, 40.78916844905941], [-73.93722890167288, 40.78899630803707], [-73.93739788609298, 40.78862171984344], [-73.93741675677381, 40.788579762018955], [-73.93754989162562, 40.78828374452882], [-73.93763482912277, 40.788094244814715], [-73.93768669385376, 40.787973560579], [-73.9376956302226, 40.78795729352048], [-73.93774122176191, 40.78785390435086], [-73.93777363255099, 40.787783358062626], [-73.9378172269292, 40.78768846868085], [-73.93794768976979, 40.787477299429206], [-73.93794590851209, 40.787469159257824], [-73.93795930775185, 40.78745627992995], [-73.93797181801379, 40.78743187338253], [-73.93811570089733, 40.78718476275645], [-73.93813356192969, 40.78716579039842], [-73.93819429625309, 40.78709733029971], [-73.93824519951414, 40.78704106810817], [-73.93853937331639, 40.78671077700018], [-73.93926642644561, 40.78588875256448], [-73.9398261969646, 40.78525655241547], [-73.93983453997872, 40.78525397286172], [-73.93984282390869, 40.78525141086653], [-73.93985267603377, 40.78524393165021], [-73.93988045560609, 40.78523237601269], [-73.93988852061734, 40.785223527347014], [-73.9399100328247, 40.785211966757934], [-73.93992974399465, 40.78520176553125], [-73.93995483679325, 40.78518952279442], [-73.93998978019029, 40.7851704772902], [-73.94001308386721, 40.78515687380644], [-73.94002473252542, 40.78515347642582], [-73.94004982707635, 40.785138513728796], [-73.94006415729082, 40.785131029620125], [-73.94011434323865, 40.785103824644665], [-73.9401494727627, 40.78508725537949], [-73.94018512931, 40.78506620256322], [-73.94020230181276, 40.78505918714037], [-73.94022475284191, 40.7850451507884], [-73.94023795768307, 40.78503713468404], [-73.94026700995506, 40.78502210145345], [-73.94036209351322, 40.78497198408236], [-73.94045320748533, 40.78492287258088], [-73.94053377198207, 40.78487877160598], [-73.94055093807704, 40.784866742096156], [-73.94058130200887, 40.784853708709235], [-73.94059054968368, 40.78484668914218], [-73.9406235705765, 40.784829650411645], [-73.94067374402164, 40.78480359792665], [-73.94071732676325, 40.78478054106709], [-73.940721283615, 40.78478054310244], [-73.94074901720532, 40.784767518202216], [-73.94076750825941, 40.7847574951213], [-73.94078868006106, 40.784747448788664], [-73.94083088142574, 40.784727424556394], [-73.9410249973189, 40.78463522248629], [-73.94108573710648, 40.7846091665167], [-73.94111082838812, 40.784597149183135], [-73.94113723613098, 40.78458311400423], [-73.94117288854788, 40.784566076962534], [-73.94144612018933, 40.78443147385159], [-73.94152576810184, 40.784390900969875], [-73.94167454195741, 40.78431383063195], [-73.9418544859221, 40.78422074667745], [-73.94201431753095, 40.784137584897415], [-73.94217918595554, 40.78405136339483], [-73.94231388874256, 40.78398116626904], [-73.94239128520978, 40.78394072618268], [-73.94243451137048, 40.783917830322316], [-73.94246970444752, 40.783896460947055], [-73.94257225524868, 40.783824724155444], [-73.9426044272356, 40.78380183093073], [-73.94267379818272, 40.78375374314715], [-73.94278137533362, 40.783678190096595], [-73.94286783792664, 40.78361865580254], [-73.94293520531122, 40.78357210608962], [-73.94301663136942, 40.78351486545848], [-73.94311516211296, 40.783446170629645], [-73.94316141910545, 40.78341182999218], [-73.94320565536934, 40.783369842987625], [-73.94323985739757, 40.78332785169434], [-73.94327003035636, 40.78328815517935], [-73.94331027382039, 40.783233180946446], [-73.94334749366392, 40.783182032998575], [-73.94339679077277, 40.783109502846365], [-73.94344105526409, 40.78304918212819], [-73.94355143839495, 40.782903507985836], [-73.94354420706223, 40.78288052416259], [-73.94360760400001, 40.78286536999992], [-73.9437600529999, 40.782828931999894], [-73.94383256699986, 40.78285908899991], [-73.94389324599985, 40.782887726999896], [-73.94395460199989, 40.782915519999925], [-73.94405439399999, 40.78296435799991], [-73.94464666000002, 40.78321787299997], [-73.94472264499986, 40.78324757199989], [-73.94706938199998, 40.78423622699995], [-73.94933170599992, 40.78519312699994], [-73.95033804099997, 40.78561714999992], [-73.95092733999991, 40.78586544699993], [-73.95244615099996, 40.786502485999925], [-73.95255145499999, 40.78654858099986], [-73.95266136699996, 40.78659501999991], [-73.95416383099995, 40.78722686099993], [-73.9557773589999, 40.78791392399995], [-73.95527481199989, 40.78858337999988], [-73.95481723799992, 40.789204743999974], [-73.95439919199988, 40.78977490899994], [-73.95388917099996, 40.790470498999866], [-73.95343832999994, 40.791085367999926], [-73.95298394599986, 40.79172143299998], [-73.95252222700002, 40.79234762199997], [-73.95207222299993, 40.792966160999896], [-73.95160265399991, 40.793607804999965], [-73.95111102399997, 40.79428503499988], [-73.95061371799994, 40.79496557399992], [-73.95015821299991, 40.79558773199993], [-73.94969538299988, 40.79621687199993], [-73.94940516399991, 40.79663170399987], [-73.94922045699984, 40.796909858999896], [-73.94909695599983, 40.79705785599993], [-73.94879165299982, 40.797477127999905], [-73.94831125500004, 40.79812921799992], [-73.94722520899997, 40.797671685999944], [-73.9467003099999, 40.797450543999915], [-73.9456668469999, 40.79700834399995], [-73.94556506799988, 40.79696479499997], [-73.94522698899986, 40.79682013299991], [-73.94509614699999, 40.79676348299994], [-73.9449594289999, 40.79670574099989], [-73.94421313799992, 40.796385857999944], [-73.94415121699986, 40.79635931699992], [-73.9434832399999, 40.796072993999935], [-73.94287776199995, 40.7958216709999], [-73.94275347999998, 40.7957700849999], [-73.9424792319999, 40.79565624799993], [-73.94232710899988, 40.79559310299991], [-73.94187604699994, 40.79540586899984], [-73.94234676599999, 40.79476079799988], [-73.94281682199988, 40.79413407699997], [-73.94327251199996, 40.79348810299995], [-73.94103496899987, 40.79254666899993]]",0.00024056392715,East Harlem South,75.0,Manhattan,40.78825569068814,-73.94187928469458
12,2020-09-01T00:00:00.000-07:00,2021-01-01T00:00:00.000-08:00,42.0,1,0.0927092274616,"[[-73.93436121591056, 40.83620061961779], [-73.93445239398683, 40.83598096007491], [-73.93456051826952, 40.83586608172803], [-73.934754664506, 40.835589300341795], [-73.93475368707831, 40.83556982111418], [-73.93480514039254, 40.835427472645925], [-73.93481898168233, 40.83539825039474], [-73.93483181137556, 40.83538552549233], [-73.93484813571942, 40.83535143220742], [-73.934869850678, 40.835332715131045], [-73.9348946004199, 40.83525404312232], [-73.93491533578629, 40.835230821938744], [-73.93493620828455, 40.83508021765153], [-73.9349422585534, 40.835026875417256], [-73.93495859566912, 40.83488277904472], [-73.9349794120861, 40.834789121453554], [-73.93498833140688, 40.83474865789363], [-73.9349508717845, 40.83470667336768], [-73.93495775984093, 40.83468276036335], [-73.93496523015544, 40.83465684795366], [-73.93496624164149, 40.83462912364824], [-73.93497316061179, 40.83462163504156], [-73.93497219073525, 40.83460814479754], [-73.93499389736655, 40.834597666183], [-73.93503060323974, 40.834392365341266], [-73.93503612427708, 40.834298320343365], [-73.93503124118601, 40.834248862849485], [-73.93504212490862, 40.8342113992345], [-73.93507644502887, 40.83392404328713], [-73.93506958098223, 40.833887317502196], [-73.93508341363356, 40.83386559692961], [-73.93509687471914, 40.833715356792226], [-73.93509690469148, 40.83368463190985], [-73.9351038425559, 40.83365765691793], [-73.9351124510007, 40.83342573907346], [-73.93511743048032, 40.83337703478394], [-73.93512041704221, 40.83335380357006], [-73.93513225848749, 40.83334482290501], [-73.93512636041858, 40.833326080356336], [-73.93512935500891, 40.83329460947995], [-73.93512443552818, 40.83328111868773], [-73.93513826819031, 40.83326014425818], [-73.93513729127831, 40.833241413188574], [-73.93513040300608, 40.83322866727349], [-73.93512154973673, 40.83320169277661], [-73.93512352949845, 40.833189699006276], [-73.93511565892264, 40.83317620588328], [-73.93513243602646, 40.83316272562037], [-73.93513935847737, 40.83315149100028], [-73.93512752379401, 40.8331424888091], [-73.93512465984583, 40.83305106902925], [-73.93512171853354, 40.83302859034758], [-73.93511580946044, 40.833021842172855], [-73.93511187882297, 40.833003100729265], [-73.9351197936551, 40.83298362817418], [-73.93511783020558, 40.83296713902453], [-73.93512376770067, 40.83294541299676], [-73.93512085547357, 40.83290419576853], [-73.93513170518379, 40.83290269767366], [-73.93514455114395, 40.83288472203645], [-73.93516725294582, 40.832874992778436], [-73.93516480840945, 40.832852883264295], [-73.93515659173339, 40.83268240673983], [-73.93512878131628, 40.83236353447693], [-73.93511398341515, 40.83236577683715], [-73.93507789246162, 40.83194162361134], [-73.93509565184875, 40.831942381267105], [-73.93508783728582, 40.83185919835002], [-73.93506824974095, 40.831704067625786], [-73.93502275465511, 40.83131999954982], [-73.9349850562146, 40.83102735335789], [-73.93493515655025, 40.83060244471324], [-73.9348935333237, 40.83028656383779], [-73.93483087208486, 40.82980843705177], [-73.9347988190574, 40.82979230914966], [-73.93480080676927, 40.82977283325494], [-73.934789962788, 40.82976832407678], [-73.93479293827892, 40.82975634075214], [-73.9347811108578, 40.82974059366992], [-73.93477028229685, 40.829720361694214], [-73.93475944294418, 40.82970012100012], [-73.93476343288322, 40.82965740394861], [-73.9347437259127, 40.82963716812018], [-73.9347393083093, 40.82960906144653], [-73.93474919492763, 40.82959708136341], [-73.9347373734992, 40.829574589425214], [-73.93472260127821, 40.829550600495594], [-73.93472557699917, 40.82952736927089], [-73.9347147602574, 40.829495144079715], [-73.93470100252401, 40.82944043080001], [-73.93469412707354, 40.82941645571865], [-73.93471288560669, 40.829400725944666], [-73.93470504902284, 40.82934077469047], [-73.93469321669625, 40.82932877360132], [-73.93467597101821, 40.82931340221053], [-73.93466228987826, 40.82918075994596], [-73.93468302702506, 40.82916578733352], [-73.93470769402485, 40.82915830979219], [-73.93470080780727, 40.82913207413399], [-73.9346810792479, 40.82913355828133], [-73.93467714880197, 40.82911632854789], [-73.93467025222023, 40.82911257042637], [-73.93465447618146, 40.829097576961054], [-73.93464959243231, 40.82904811940698], [-73.9346619319834, 40.829038760294466], [-73.93466295225556, 40.829014033814005], [-73.93466495971363, 40.82897356682644], [-73.93465611022576, 40.82894283638618], [-73.93465515536495, 40.82891285858112], [-73.93463641852115, 40.82890686014907], [-73.93461640343897, 40.82869365579325], [-73.93461171264791, 40.82868983525945], [-73.93460260323826, 40.82868240123771], [-73.93460883576694, 40.82866118868204], [-73.93461052506869, 40.82865543619221], [-73.93460804993313, 40.828653363018134], [-73.93460065845267, 40.82864718271558], [-73.93459873640637, 40.82860072400894], [-73.93460192118351, 40.8285925492986], [-73.9346115955321, 40.82856775518621], [-73.93460917445479, 40.828521674968194], [-73.93461017716503, 40.828502936290256], [-73.93461219000993, 40.82845722914913], [-73.93460433489878, 40.8284280027947], [-73.93460731363069, 40.82840102556366], [-73.93460043185567, 40.8283822824143], [-73.93460834555331, 40.82836355753901], [-73.93459750565471, 40.82834482035353], [-73.93460048488097, 40.82832833398502], [-73.93459360040826, 40.82830135116011], [-73.9345867414778, 40.828259384992435], [-73.93459562914452, 40.82825114985734], [-73.93458676210527, 40.82823840277646], [-73.9345917047489, 40.82822716755991], [-73.93459763971535, 40.82820843167856], [-73.9345887726724, 40.828195693979055], [-73.93458684240736, 40.828156719571446], [-73.93456513010244, 40.82816270444937], [-73.93455810179871, 40.82811740277773], [-73.93454586266023, 40.82804816146417], [-73.9345423063815, 40.828026870313025], [-73.93453258880513, 40.82796855886425], [-73.93452175638055, 40.827907800091346], [-73.9345389813406, 40.82790347267067], [-73.9345318309276, 40.8278494020435], [-73.93452076528098, 40.82776568965099], [-73.93451590672413, 40.82772893075849], [-73.93442396339046, 40.82704289397221], [-73.93448291058755, 40.82703709277872], [-73.93446426549498, 40.82684220519355], [-73.93442844400506, 40.82646785059143], [-73.93436717955333, 40.82582759866106], [-73.93435643452145, 40.82582093714441], [-73.93432574289118, 40.82523259029446], [-73.93429530732782, 40.824649231222814], [-73.9342937167057, 40.824496386917176], [-73.93427285440853, 40.824438952751265], [-73.9342464289508, 40.82416688303727], [-73.9342183480328, 40.82379904579008], [-73.93416594530665, 40.82307858087102], [-73.9341465766699, 40.82302903205036], [-73.93414604382117, 40.823020619180404], [-73.93413373625334, 40.82280065597675], [-73.9341212616508, 40.822647252741746], [-73.93411752612668, 40.82252433268852], [-73.9341023336634, 40.82220121691681], [-73.93409986738209, 40.82213991284364], [-73.93409843799957, 40.8221042273439], [-73.93409112517361, 40.821996037990196], [-73.93407944723481, 40.82180557579632], [-73.9340743435484, 40.8217170991102], [-73.93407734095152, 40.82169456177003], [-73.93407005522698, 40.821559320934185], [-73.93404447476462, 40.82117670357439], [-73.93404599779073, 40.821133876520214], [-73.93403560443167, 40.820952547282424], [-73.93402662334591, 40.82081680975282], [-73.93400389615688, 40.82039784018416], [-73.93400066445355, 40.82033825378207], [-73.9339827694626, 40.82000029618647], [-73.93398644004239, 40.8199684386757], [-73.9339720967025, 40.8197302031345], [-73.93382990021335, 40.81972042397129], [-73.93383051181283, 40.81959745323817], [-73.93383064085585, 40.819571464086366], [-73.93383089287107, 40.819521063761556], [-73.93411671299988, 40.81954705299995], [-73.93431276899999, 40.81962986599991], [-73.93440039999986, 40.81966778299991], [-73.93439036800001, 40.81958743499993], [-73.934381129, 40.81932807599992], [-73.93429487799989, 40.81890498699992], [-73.93423576099998, 40.81864931899987], [-73.93408481999981, 40.8179308619999], [-73.93407463999996, 40.81782651399992], [-73.93412816799999, 40.81773396299989], [-73.934235195, 40.81755488099992], [-73.93445400100002, 40.81718852899996], [-73.93463790299994, 40.81690804799997], [-73.93487343800004, 40.816527846999904], [-73.93575548199986, 40.81532558399993], [-73.93613554399997, 40.81478812699993], [-73.936209578, 40.81467384999995], [-73.93668813299989, 40.81404324299995], [-73.93714398399993, 40.81342104099985], [-73.93763499299979, 40.81274779999994], [-73.9381355239999, 40.81206561899996], [-73.93820642699984, 40.81196760499992], [-73.93830924999986, 40.81182546399992], [-73.93838748499988, 40.811718443999894], [-73.93863753299985, 40.81137638799993], [-73.93874394499981, 40.81123082099992], [-73.93901753299998, 40.81085655699991], [-73.93740733700004, 40.810175610999885], [-73.93580780199986, 40.809497637999876], [-73.93586263399992, 40.80943020299987], [-73.93625935999997, 40.80885560799991], [-73.93671827500005, 40.80822047899988], [-73.93718011799989, 40.80759899999989], [-73.937634394, 40.8069746069999], [-73.9380866689998, 40.80635301199987], [-73.93854407899988, 40.80572965299991], [-73.93869430499996, 40.80579102899988], [-73.94015793699995, 40.80640908999991], [-73.9417714019999, 40.80708899999997], [-73.94491601899982, 40.80841350399989], [-73.94499360699993, 40.808446183999955], [-73.94506102999992, 40.808474499999875], [-73.94773985499985, 40.80959972099989], [-73.94783875999985, 40.8096412609999], [-73.94792306799984, 40.809676921999944], [-73.95067975599989, 40.8108429639999], [-73.9521012519999, 40.811442853999935], [-73.95150537299989, 40.812007684999905], [-73.95098203399994, 40.81252162999989], [-73.95092724899993, 40.812575428999914], [-73.95035019299995, 40.813159388999914], [-73.94986218999995, 40.813799979999935], [-73.94962668099991, 40.81410004999989], [-73.94962653799998, 40.81410023899991], [-73.94962639600001, 40.81410043599993], [-73.949405505, 40.814407408999976], [-73.94919960099985, 40.81472085399986], [-73.94900927799986, 40.81503994299992], [-73.94883491299987, 40.815363980999955], [-73.94867681799998, 40.815692285999916], [-73.94835601499989, 40.81637430599994], [-73.94800732899995, 40.81711650899995], [-73.94766641299987, 40.817855508999905], [-73.94734953999983, 40.81853499799996], [-73.94703623199983, 40.81920837199988], [-73.94671831999985, 40.81989426799995], [-73.94640289799987, 40.820572041999945], [-73.94607828700005, 40.82126321599991], [-73.94515456999994, 40.82087626499993], [-73.94460364599989, 40.82146198099991], [-73.94404986399994, 40.82205159199989], [-73.9435059449999, 40.82262775299988], [-73.94292366900005, 40.8232605869999], [-73.94242953999996, 40.8239091569999], [-73.94195569699997, 40.82455443999992], [-73.94150312699996, 40.82517136699994], [-73.94104840899992, 40.825792629999896], [-73.94059472699999, 40.82641360399988], [-73.9401395379999, 40.82703868999988], [-73.93968952899993, 40.827656573999896], [-73.93924885599988, 40.828296350999906], [-73.93896034899993, 40.82898632999993], [-73.93864026699997, 40.82973887399988], [-73.93899743399992, 40.82988885299995], [-73.93962569899988, 40.83015583699997], [-73.9401708989999, 40.83038439099996], [-73.94007905799988, 40.83046395799989], [-73.93998939900003, 40.830730965999855], [-73.93996368699993, 40.83082053399987], [-73.93996366299984, 40.8308206059999], [-73.93992395099986, 40.83090805999994], [-73.93992389199987, 40.83090817699985], [-73.93992383299992, 40.83090827699993], [-73.93987063299991, 40.83099179699991], [-73.9398705739998, 40.83099188599995], [-73.93987049099984, 40.83099197699988], [-73.93980498999994, 40.83106978999995], [-73.93980484699993, 40.831069960999905], [-73.9398046819999, 40.83107011299992], [-73.93972831499984, 40.83114089899995], [-73.93960982599997, 40.83125089499988], [-73.93960970799996, 40.83125100199988], [-73.93960960099984, 40.83125111899992], [-73.93950338699985, 40.83136945999996], [-73.939410835, 40.8314949949999], [-73.93941078799995, 40.83149507599994], [-73.93933313199983, 40.83162629999988], [-73.9392711939998, 40.83176165699991], [-73.93927116899984, 40.83176171999991], [-73.93927114599992, 40.83176179299993], [-73.93922536500001, 40.83189966099992], [-73.93913480799989, 40.832097594999915], [-73.93902897299996, 40.83229149799995], [-73.93894859799995, 40.832417335999914], [-73.93890834499989, 40.832480356999945], [-73.9387736029999, 40.83266321199991], [-73.93868316299985, 40.832800788999904], [-73.93862894999997, 40.83285794199988], [-73.93857474799998, 40.832915085999936], [-73.93838508999997, 40.83311350299995], [-73.93795718299988, 40.83345441799987], [-73.93729666499993, 40.833977743999945], [-73.93705905900006, 40.83416598899989], [-73.93700641599989, 40.834193109999894], [-73.93649557199993, 40.83456879599991], [-73.93572624299988, 40.83515634699995], [-73.93530788100004, 40.835477723999915], [-73.93506336299993, 40.83567765899993], [-73.93496274099988, 40.83575993399989], [-73.93485740300004, 40.83598502599991], [-73.9347988639999, 40.836110115999944], [-73.93474569399996, 40.836092093999916], [-73.93467393099985, 40.836064902999915], [-73.93460027799988, 40.83609686799992], [-73.93436121591056, 40.83620061961779]]",0.000263896952605,Central Harlem North,42.0,Manhattan,40.826384446033764,-73.9370746563841
13,2020-09-01T00:00:00.000-07:00,2021-01-01T00:00:00.000-08:00,43.0,1,0.0997386183576,"[[-73.97255352299985, 40.76489773199991], [-73.97301487199995, 40.76427887899991], [-73.9736358469999, 40.76456991299992], [-73.9741922899999, 40.764806527999916], [-73.97623388799995, 40.765674630999854], [-73.97836113000002, 40.766573710999886], [-73.97907658799991, 40.76687608599993], [-73.98136213699995, 40.76783673899992], [-73.98131853299991, 40.76789900199987], [-73.9812909039998, 40.76796936299995], [-73.98129086899992, 40.76796945299993], [-73.98129085699999, 40.76796955199996], [-73.98128253299977, 40.76804427399991], [-73.98129467599998, 40.7681188019999], [-73.98132588999982, 40.76818837999983], [-73.98137263399991, 40.768249315999924], [-73.98145320300002, 40.76832036999991], [-73.98145334499989, 40.768320494999934], [-73.98145349899993, 40.768320602999935], [-73.98154591499996, 40.76838333899988], [-73.98154597399994, 40.76838337499988], [-73.98164804599995, 40.76843632199994], [-73.9810229009999, 40.76927283399994], [-73.980563707, 40.769905324999904], [-73.98011181599992, 40.770528368999884], [-73.97965233399994, 40.77115532699992], [-73.97919214499984, 40.77178126499997], [-73.978722468, 40.77241889799995], [-73.97828220099997, 40.77303187899987], [-73.97782639399986, 40.77365619199991], [-73.97737084999984, 40.77428100699992], [-73.97691168299995, 40.774909123999905], [-73.97645763799984, 40.77553235199985], [-73.97595517399988, 40.7762197549999], [-73.9754606719999, 40.776898502999884], [-73.97499744000005, 40.77753254599988], [-73.97453231499993, 40.77816778499996], [-73.97406668299993, 40.77880541699987], [-73.97357117499988, 40.779477861999936], [-73.97172305599985, 40.78202147599997], [-73.97122292299984, 40.78270625599991], [-73.97076013099995, 40.783340137999865], [-73.97030068199992, 40.783975413999904], [-73.96983225599998, 40.784610910999916], [-73.96933573299991, 40.78529327999992], [-73.96884378999985, 40.785967388999964], [-73.96838479399985, 40.786595696999896], [-73.9679269639999, 40.78722157099988], [-73.96744908399992, 40.78786072099995], [-73.96700977099991, 40.788476789999905], [-73.96655226699976, 40.78910715299992], [-73.96609500599993, 40.78973438899991], [-73.96563269799995, 40.79036540399989], [-73.96517705600003, 40.79099034099997], [-73.96468540699995, 40.791664026999904], [-73.96417598599989, 40.792362044999884], [-73.96371096499993, 40.79301293399991], [-73.96280590599986, 40.79423581299993], [-73.96235980199994, 40.79485206099987], [-73.96189985499994, 40.795479269999916], [-73.96144060699996, 40.796110826999964], [-73.96097971799988, 40.796738643999916], [-73.96052271699993, 40.79736846899988], [-73.96004456499999, 40.79804123499991], [-73.95953658899997, 40.7987185259999], [-73.95907669099992, 40.79935223299986], [-73.95861879299989, 40.79997702599996], [-73.95833304999988, 40.80036505399989], [-73.95817297099987, 40.800582540999876], [-73.95786499299992, 40.8005152719999], [-73.95536651699993, 40.799466425999846], [-73.95528884999997, 40.79943440199994], [-73.95521824499984, 40.799404657999894], [-73.95516503099992, 40.79938223299992], [-73.95253597599994, 40.798274645999896], [-73.95245200999996, 40.79824023099996], [-73.95237419099993, 40.79820977099995], [-73.94960357199982, 40.797050270999925], [-73.94922045699984, 40.796909858999896], [-73.94940516399991, 40.79663170399987], [-73.94969538299988, 40.79621687199993], [-73.95015821299991, 40.79558773199993], [-73.95061371799994, 40.79496557399992], [-73.95111102399997, 40.79428503499988], [-73.95160265399991, 40.793607804999965], [-73.95207222299993, 40.792966160999896], [-73.95252222700002, 40.79234762199997], [-73.95298394599986, 40.79172143299998], [-73.95343832999994, 40.791085367999926], [-73.95388917099996, 40.790470498999866], [-73.95439919199988, 40.78977490899994], [-73.95481723799992, 40.789204743999974], [-73.95527481200001, 40.78858337899986], [-73.9557773589999, 40.78791392399995], [-73.95626130899994, 40.78722287599987], [-73.95671863099989, 40.786600792999934], [-73.95716853699999, 40.785982893999865], [-73.95763599400006, 40.78534345799993], [-73.95809563799989, 40.78471746199995], [-73.9585581369999, 40.78409759899993], [-73.95900363199986, 40.783467289999855], [-73.95946905999989, 40.78283332099994], [-73.95992094300001, 40.78221294399991], [-73.96041638899996, 40.78153163299988], [-73.96091849500006, 40.78085062899991], [-73.961368727, 40.78022974899989], [-73.96183836899999, 40.77958419199989], [-73.96230361500002, 40.77894704099987], [-73.9627671559999, 40.778313040999876], [-73.96322991899993, 40.7776770469999], [-73.96372602699994, 40.77700571799989], [-73.9637612389999, 40.77695096899987], [-73.96422820200003, 40.776310308999946], [-73.96468735799992, 40.77567708199995], [-73.96514745399985, 40.775044231999864], [-73.96560968599992, 40.77440720099987], [-73.96607448999993, 40.7737729889999], [-73.96653616999981, 40.7731403689999], [-73.96703947599987, 40.772461218999865], [-73.96753398399983, 40.77177618399991], [-73.96799327799991, 40.77114722999993], [-73.96844155899997, 40.77051632699992], [-73.96890454699994, 40.76990083199992], [-73.96936484599993, 40.76927065699993], [-73.96982455299987, 40.76864600899992], [-73.97028165499981, 40.768025031999905], [-73.97072777399985, 40.76739372199989], [-73.97118812999996, 40.766766592999915], [-73.97164774299996, 40.76614246799993], [-73.97209852400005, 40.76551725099991], [-73.97255352299985, 40.76489773199991]]",0.000379662912054,Central Park,43.0,Manhattan,40.7815070348396,-73.96649770875561
14,2020-09-01T00:00:00.000-07:00,2021-01-01T00:00:00.000-08:00,142.0,2,0.0381758942321,"[[-73.98147898799989, 40.76772505899991], [-73.98155301499993, 40.76768021699989], [-73.98163412099991, 40.76764472399989], [-73.98173478100003, 40.7676193279999], [-73.98173489899985, 40.76761929999994], [-73.98173502899986, 40.76761929099996], [-73.98184353599999, 40.767609717999925], [-73.98184380799981, 40.76760969099991], [-73.98184408100003, 40.76760970899987], [-73.98195388499981, 40.76761757899992], [-73.981954182, 40.76761759699986], [-73.98195445399982, 40.76761766099985], [-73.98205860599991, 40.76764244899991], [-73.9820588189999, 40.76764250299994], [-73.98205899699985, 40.76764257499985], [-73.98215157199994, 40.76768179799989], [-73.98236545099999, 40.7673921529999], [-73.98521720299992, 40.76859462999991], [-73.98806289599996, 40.769790799999925], [-73.98761512099995, 40.77041544299988], [-73.98714552199996, 40.771054037999875], [-73.98669559399988, 40.771668182999896], [-73.98665479099989, 40.77172445399991], [-73.98649075499988, 40.77195067399991], [-73.98645451899998, 40.77200064599989], [-73.98623798899992, 40.772299256999894], [-73.98618447899992, 40.772372030999854], [-73.98613338199989, 40.77244152299989], [-73.98602063499989, 40.77259485899986], [-73.98596463199983, 40.77267102299991], [-73.98582184799984, 40.772865207999914], [-73.98577822599991, 40.77292453299991], [-73.9857570959999, 40.77295327099989], [-73.98562257199983, 40.773136219999884], [-73.98556790099997, 40.773210570999936], [-73.98551605299986, 40.77328108299987], [-73.98546970299988, 40.77334411699991], [-73.9853325459999, 40.77353064599993], [-73.98487946600002, 40.774155670999924], [-73.98441202599994, 40.77480807799988], [-73.98397150999992, 40.77542927299991], [-73.98349614799992, 40.77604586099993], [-73.983046668, 40.77668267699989], [-73.98258286200002, 40.7773028379999], [-73.98215547099988, 40.77797229499992], [-73.98211778999992, 40.77801318099994], [-73.98162126599993, 40.778608082999874], [-73.98113503699982, 40.7792913869999], [-73.980673654, 40.779925181999914], [-73.97783054399989, 40.77872973099989], [-73.97499744000005, 40.77753254599988], [-73.9754606719999, 40.776898502999884], [-73.97595517399988, 40.7762197549999], [-73.97645763799984, 40.77553235199985], [-73.97691168299995, 40.774909123999905], [-73.97737084999984, 40.77428100699992], [-73.97782639399986, 40.77365619199991], [-73.97828220099997, 40.77303187899987], [-73.978722468, 40.77241889799995], [-73.97919214499984, 40.77178126499997], [-73.97965233399994, 40.77115532699992], [-73.98011181599992, 40.770528368999884], [-73.980563707, 40.769905324999904], [-73.9810229009999, 40.76927283399994], [-73.98164804599995, 40.76843632199994], [-73.98154597299994, 40.76838337499988], [-73.98154591499996, 40.76838333899988], [-73.98145349899993, 40.768320602999935], [-73.98145334399989, 40.768320494999905], [-73.98145320300002, 40.76832036999991], [-73.98137263399991, 40.768249315999924], [-73.98132588899983, 40.768188379999884], [-73.98129467599998, 40.7681188019999], [-73.98128253299977, 40.76804427399991], [-73.98129085699999, 40.76796955199996], [-73.98129086899992, 40.76796945299993], [-73.9812909039998, 40.76796936299995], [-73.98131853299991, 40.76789900199987], [-73.98136213699995, 40.76783673899992], [-73.98141469499981, 40.76777787299987], [-73.98147898799989, 40.76772505899991]]",7.5653792074e-05,Lincoln Square East,142.0,Manhattan,40.77131375940732,-73.98229597835798
