range_start,range_end,locationid,total
2021-01-01T00:00:00.000-08:00,2021-05-01T00:00:00.000-07:00,17,9960
2021-01-01T00:00:00.000-08:00,2021-05-01T00:00:00.000-07:00,249,106565
2021-01-01T00:00:00.000-08:00,2021-05-01T00:00:00.000-07:00,121,2485
2021-01-01T00:00:00.000-08:00,2021-05-01T00:00:00.000-07:00,174,3395
2021-01-01T00:00:00.000-08:00,2021-05-01T00:00:00.000-07:00,170,202505
2021-01-01T00:00:00.000-08:00,2021-05-01T00:00:00.000-07:00,151,91241
2021-01-01T00:00:00.000-08:00,2021-05-01T00:00:00.000-07:00,168,11277
2021-01-01T00:00:00.000-08:00,2021-05-01T00:00:00.000-07:00,108,1326
2021-01-01T00:00:00.000-08:00,2021-05-01T00:00:00.000-07:00,166,60838
2021-01-01T00:00:00.000-08:00,2021-05-01T00:00:00.000-07:00,208,2242
2021-01-01T00:00:00.000-08:00,2021-05-01T00:00:00.000-07:00,3,1532
2021-01-01T00:00:00.000-08:00,2021-05-01T00:00:00.000-07:00,230,86095
2021-01-01T00:00:00.000-08:00,2021-05-01T00:00:00.000-07:00,173,2195
2021-01-01T00:00:00.000-08:00,2021-05-01T00:00:00.000-07:00,231,83910
2021-01-01T00:00:00.000-08:00,2021-05-01T00:00:00.000-07:00,106,2347
2021-01-01T00:00:00.000-08:00,2021-05-01T00:00:00.000-07:00,145,18589
2021-01-01T00:00:00.000-08:00,2021-05-01T00:00:00.000-07:00,30,63
2021-01-01T00:00:00.000-08:00,2021-05-01T00:00:00.000-07:00,209,13184
2021-01-01T00:00:00.000-08:00,2021-05-01T00:00:00.000-07:00,262,122616
2021-01-01T00:00:00.000-08:00,2021-05-01T00:00:00.000-07:00,117,2557
2021-01-01T00:00:00.000-08:00,2021-05-01T00:00:00.000-07:00,181,14487
2021-01-01T00:00:00.000-08:00,2021-05-01T00:00:00.000-07:00,228,5089
2021-01-01T00:00:00.000-08:00,2021-05-01T00:00:00.000-07:00,191,2235
2021-01-01T00:00:00.000-08:00,2021-05-01T00:00:00.000-07:00,31,807
2021-01-01T00:00:00.000-08:00,2021-05-01T00:00:00.000-07:00,46,301
2021-01-01T00:00:00.000-08:00,2021-05-01T00:00:00.000-07:00,60,1836
2021-01-01T00:00:00.000-08:00,2021-05-01T00:00:00.000-07:00,22,2464
2021-01-01T00:00:00.000-08:00,2021-05-01T00:00:00.000-07:00,6,107
2021-01-01T00:00:00.000-08:00,2021-05-01T00:00:00.000-07:00,14,5800
2021-01-01T00:00:00.000-08:00,2021-05-01T00:00:00.000-07:00,25,9905
2021-01-01T00:00:00.000-08:00,2021-05-01T00:00:00.000-07:00,43,96547
2021-01-01T00:00:00.000-08:00,2021-05-01T00:00:00.000-07:00,47,4067
2021-01-01T00:00:00.000-08:00,2021-05-01T00:00:00.000-07:00,45,13754
2021-01-01T00:00:00.000-08:00,2021-05-01T00:00:00.000-07:00,224,28335
2021-01-01T00:00:00.000-08:00,2021-05-01T00:00:00.000-07:00,37,8166
2021-01-01T00:00:00.000-08:00,2021-05-01T00:00:00.000-07:00,101,864
2021-01-01T00:00:00.000-08:00,2021-05-01T00:00:00.000-07:00,204,54
2021-01-01T00:00:00.000-08:00,2021-05-01T00:00:00.000-07:00,55,3741
2021-01-01T00:00:00.000-08:00,2021-05-01T00:00:00.000-07:00,41,72802
2021-01-01T00:00:00.000-08:00,2021-05-01T00:00:00.000-07:00,89,8209
2021-01-01T00:00:00.000-08:00,2021-05-01T00:00:00.000-07:00,259,2151
2021-01-01T00:00:00.000-08:00,2021-05-01T00:00:00.000-07:00,21,1671
2021-01-01T00:00:00.000-08:00,2021-05-01T00:00:00.000-07:00,83,2498
2021-01-01T00:00:00.000-08:00,2021-05-01T00:00:00.000-07:00,39,6935
2021-01-01T00:00:00.000-08:00,2021-05-01T00:00:00.000-07:00,131,2326
2021-01-01T00:00:00.000-08:00,2021-05-01T00:00:00.000-07:00,5,135
2021-01-01T00:00:00.000-08:00,2021-05-01T00:00:00.000-07:00,136,2735
2021-01-01T00:00:00.000-08:00,2021-05-01T00:00:00.000-07:00,162,152290
2021-01-01T00:00:00.000-08:00,2021-05-01T00:00:00.000-07:00,65,8603
2021-01-01T00:00:00.000-08:00,2021-05-01T00:00:00.000-07:00,197,4884
2021-01-01T00:00:00.000-08:00,2021-05-01T00:00:00.000-07:00,34,1023
2021-01-01T00:00:00.000-08:00,2021-05-01T00:00:00.000-07:00,252,1352
2021-01-01T00:00:00.000-08:00,2021-05-01T00:00:00.000-07:00,236,358578
2021-01-01T00:00:00.000-08:00,2021-05-01T00:00:00.000-07:00,156,206
2021-01-01T00:00:00.000-08:00,2021-05-01T00:00:00.000-07:00,67,1366
2021-01-01T00:00:00.000-08:00,2021-05-01T00:00:00.000-07:00,32,2046
2021-01-01T00:00:00.000-08:00,2021-05-01T00:00:00.000-07:00,258,2589
2021-01-01T00:00:00.000-08:00,2021-05-01T00:00:00.000-07:00,38,1393
2021-01-01T00:00:00.000-08:00,2021-05-01T00:00:00.000-07:00,140,178057
2021-01-01T00:00:00.000-08:00,2021-05-01T00:00:00.000-07:00,158,50756
2021-01-01T00:00:00.000-08:00,2021-05-01T00:00:00.000-07:00,157,2606
2021-01-01T00:00:00.000-08:00,2021-05-01T00:00:00.000-07:00,63,2574
2021-01-01T00:00:00.000-08:00,2021-05-01T00:00:00.000-07:00,62,4653
2021-01-01T00:00:00.000-08:00,2021-05-01T00:00:00.000-07:00,29,1936
2021-01-01T00:00:00.000-08:00,2021-05-01T00:00:00.000-07:00,74,91499
2021-01-01T00:00:00.000-08:00,2021-05-01T00:00:00.000-07:00,251,117
2021-01-01T00:00:00.000-08:00,2021-05-01T00:00:00.000-07:00,165,3673
2021-01-01T00:00:00.000-08:00,2021-05-01T00:00:00.000-07:00,171,1530
2021-01-01T00:00:00.000-08:00,2021-05-01T00:00:00.000-07:00,119,3757
2021-01-01T00:00:00.000-08:00,2021-05-01T00:00:00.000-07:00,4,31583
2021-01-01T00:00:00.000-08:00,2021-05-01T00:00:00.000-07:00,214,143
2021-01-01T00:00:00.000-08:00,2021-05-01T00:00:00.000-07:00,233,102903
2021-01-01T00:00:00.000-08:00,2021-05-01T00:00:00.000-07:00,139,1872
2021-01-01T00:00:00.000-08:00,2021-05-01T00:00:00.000-07:00,96,395
2021-01-01T00:00:00.000-08:00,2021-05-01T00:00:00.000-07:00,218,2811
2021-01-01T00:00:00.000-08:00,2021-05-01T00:00:00.000-07:00,100,86148
2021-01-01T00:00:00.000-08:00,2021-05-01T00:00:00.000-07:00,188,8482
2021-01-01T00:00:00.000-08:00,2021-05-01T00:00:00.000-07:00,118,209
2021-01-01T00:00:00.000-08:00,2021-05-01T00:00:00.000-07:00,85,2433
2021-01-01T00:00:00.000-08:00,2021-05-01T00:00:00.000-07:00,52,3997
2021-01-01T00:00:00.000-08:00,2021-05-01T00:00:00.000-07:00,154,181
2021-01-01T00:00:00.000-08:00,2021-05-01T00:00:00.000-07:00,51,4377
2021-01-01T00:00:00.000-08:00,2021-05-01T00:00:00.000-07:00,91,4655
2021-01-01T00:00:00.000-08:00,2021-05-01T00:00:00.000-07:00,213,4843
2021-01-01T00:00:00.000-08:00,2021-05-01T00:00:00.000-07:00,186,122225
2021-01-01T00:00:00.000-08:00,2021-05-01T00:00:00.000-07:00,122,1115
2021-01-01T00:00:00.000-08:00,2021-05-01T00:00:00.000-07:00,177,3999
2021-01-01T00:00:00.000-08:00,2021-05-01T00:00:00.000-07:00,176,39
2021-01-01T00:00:00.000-08:00,2021-05-01T00:00:00.000-07:00,193,7980
2021-01-01T00:00:00.000-08:00,2021-05-01T00:00:00.000-07:00,160,2581
2021-01-01T00:00:00.000-08:00,2021-05-01T00:00:00.000-07:00,93,1245
2021-01-01T00:00:00.000-08:00,2021-05-01T00:00:00.000-07:00,240,670
2021-01-01T00:00:00.000-08:00,2021-05-01T00:00:00.000-07:00,57,298
2021-01-01T00:00:00.000-08:00,2021-05-01T00:00:00.000-07:00,229,152892
2021-01-01T00:00:00.000-08:00,2021-05-01T00:00:00.000-07:00,7,21631
2021-01-01T00:00:00.000-08:00,2021-05-01T00:00:00.000-07:00,59,117
2021-01-01T00:00:00.000-08:00,2021-05-01T00:00:00.000-07:00,112,10689
2021-01-01T00:00:00.000-08:00,2021-05-01T00:00:00.000-07:00,150,1064
2021-01-01T00:00:00.000-08:00,2021-05-01T00:00:00.000-07:00,256,11566
2021-01-01T00:00:00.000-08:00,2021-05-01T00:00:00.000-07:00,163,127631
2021-01-01T00:00:00.000-08:00,2021-05-01T00:00:00.000-07:00,116,27194
2021-01-01T00:00:00.000-08:00,2021-05-01T00:00:00.000-07:00,133,2323
2021-01-01T00:00:00.000-08:00,2021-05-01T00:00:00.000-07:00,227,2323
2021-01-01T00:00:00.000-08:00,2021-05-01T00:00:00.000-07:00,102,1738
2021-01-01T00:00:00.000-08:00,2021-05-01T00:00:00.000-07:00,26,4144
2021-01-01T00:00:00.000-08:00,2021-05-01T00:00:00.000-07:00,200,2667
2021-01-01T00:00:00.000-08:00,2021-05-01T00:00:00.000-07:00,226,16049
2021-01-01T00:00:00.000-08:00,2021-05-01T00:00:00.000-07:00,221,208
2021-01-01T00:00:00.000-08:00,2021-05-01T00:00:00.000-07:00,141,218747
2021-01-01T00:00:00.000-08:00,2021-05-01T00:00:00.000-07:00,146,6330
2021-01-01T00:00:00.000-08:00,2021-05-01T00:00:00.000-07:00,149,2179
2021-01-01T00:00:00.000-08:00,2021-05-01T00:00:00.000-07:00,128,628
2021-01-01T00:00:00.000-08:00,2021-05-01T00:00:00.000-07:00,36,4119
2021-01-01T00:00:00.000-08:00,2021-05-01T00:00:00.000-07:00,255,10475
2021-01-01T00:00:00.000-08:00,2021-05-01T00:00:00.000-07:00,245,78
2021-01-01T00:00:00.000-08:00,2021-05-01T00:00:00.000-07:00,222,2286
2021-01-01T00:00:00.000-08:00,2021-05-01T00:00:00.000-07:00,81,2064
2021-01-01T00:00:00.000-08:00,2021-05-01T00:00:00.000-07:00,79,121582
2021-01-01T00:00:00.000-08:00,2021-05-01T00:00:00.000-07:00,248,2182
2021-01-01T00:00:00.000-08:00,2021-05-01T00:00:00.000-07:00,212,2191
2021-01-01T00:00:00.000-08:00,2021-05-01T00:00:00.000-07:00,216,5217
2021-01-01T00:00:00.000-08:00,2021-05-01T00:00:00.000-07:00,175,731
2021-01-01T00:00:00.000-08:00,2021-05-01T00:00:00.000-07:00,147,2106
2021-01-01T00:00:00.000-08:00,2021-05-01T00:00:00.000-07:00,159,6547
2021-01-01T00:00:00.000-08:00,2021-05-01T00:00:00.000-07:00,196,3870
2021-01-01T00:00:00.000-08:00,2021-05-01T00:00:00.000-07:00,84,82
2021-01-01T00:00:00.000-08:00,2021-05-01T00:00:00.000-07:00,50,72493
2021-01-01T00:00:00.000-08:00,2021-05-01T00:00:00.000-07:00,164,106519
2021-01-01T00:00:00.000-08:00,2021-05-01T00:00:00.000-07:00,49,9025
2021-01-01T00:00:00.000-08:00,2021-05-01T00:00:00.000-07:00,109,77
2021-01-01T00:00:00.000-08:00,2021-05-01T00:00:00.000-07:00,53,1091
2021-01-01T00:00:00.000-08:00,2021-05-01T00:00:00.000-07:00,148,44896
2021-01-01T00:00:00.000-08:00,2021-05-01T00:00:00.000-07:00,64,938
2021-01-01T00:00:00.000-08:00,2021-05-01T00:00:00.000-07:00,155,2940
2021-01-01T00:00:00.000-08:00,2021-05-01T00:00:00.000-07:00,20,1784
2021-01-01T00:00:00.000-08:00,2021-05-01T00:00:00.000-07:00,250,2052
2021-01-01T00:00:00.000-08:00,2021-05-01T00:00:00.000-07:00,58,237
2021-01-01T00:00:00.000-08:00,2021-05-01T00:00:00.000-07:00,132,18516
2021-01-01T00:00:00.000-08:00,2021-05-01T00:00:00.000-07:00,42,55345
2021-01-01T00:00:00.000-08:00,2021-05-01T00:00:00.000-07:00,15,948
2021-01-01T00:00:00.000-08:00,2021-05-01T00:00:00.000-07:00,75,146234
2021-01-01T00:00:00.000-08:00,2021-05-01T00:00:00.000-07:00,203,1731
2021-01-01T00:00:00.000-08:00,2021-05-01T00:00:00.000-07:00,182,2943
2021-01-01T00:00:00.000-08:00,2021-05-01T00:00:00.000-07:00,35,6407
2021-01-01T00:00:00.000-08:00,2021-05-01T00:00:00.000-07:00,28,2798
2021-01-01T00:00:00.000-08:00,2021-05-01T00:00:00.000-07:00,40,4741
2021-01-01T00:00:00.000-08:00,2021-05-01T00:00:00.000-07:00,12,1752
2021-01-01T00:00:00.000-08:00,2021-05-01T00:00:00.000-07:00,201,1161
2021-01-01T00:00:00.000-08:00,2021-05-01T00:00:00.000-07:00,111,78
2021-01-01T00:00:00.000-08:00,2021-05-01T00:00:00.000-07:00,82,6552
2021-01-01T00:00:00.000-08:00,2021-05-01T00:00:00.000-07:00,243,15713
2021-01-01T00:00:00.000-08:00,2021-05-01T00:00:00.000-07:00,98,1195
2021-01-01T00:00:00.000-08:00,2021-05-01T00:00:00.000-07:00,61,13695
2021-01-01T00:00:00.000-08:00,2021-05-01T00:00:00.000-07:00,180,1011
2021-01-01T00:00:00.000-08:00,2021-05-01T00:00:00.000-07:00,217,5463
2021-01-01T00:00:00.000-08:00,2021-05-01T00:00:00.000-07:00,263,171259
2021-01-01T00:00:00.000-08:00,2021-05-01T00:00:00.000-07:00,99,29
2021-01-01T00:00:00.000-08:00,2021-05-01T00:00:00.000-07:00,18,3260
2021-01-01T00:00:00.000-08:00,2021-05-01T00:00:00.000-07:00,219,2856
2021-01-01T00:00:00.000-08:00,2021-05-01T00:00:00.000-07:00,56,3176
2021-01-01T00:00:00.000-08:00,2021-05-01T00:00:00.000-07:00,70,3749
2021-01-01T00:00:00.000-08:00,2021-05-01T00:00:00.000-07:00,172,115
2021-01-01T00:00:00.000-08:00,2021-05-01T00:00:00.000-07:00,220,4364
2021-01-01T00:00:00.000-08:00,2021-05-01T00:00:00.000-07:00,185,2412
2021-01-01T00:00:00.000-08:00,2021-05-01T00:00:00.000-07:00,223,10166
2021-01-01T00:00:00.000-08:00,2021-05-01T00:00:00.000-07:00,2,26
2021-01-01T00:00:00.000-08:00,2021-05-01T00:00:00.000-07:00,144,45229
2021-01-01T00:00:00.000-08:00,2021-05-01T00:00:00.000-07:00,113,84514
2021-01-01T00:00:00.000-08:00,2021-05-01T00:00:00.000-07:00,207,520
2021-01-01T00:00:00.000-08:00,2021-05-01T00:00:00.000-07:00,237,318292
2021-01-01T00:00:00.000-08:00,2021-05-01T00:00:00.000-07:00,73,570
2021-01-01T00:00:00.000-08:00,2021-05-01T00:00:00.000-07:00,1,4586
2021-01-01T00:00:00.000-08:00,2021-05-01T00:00:00.000-07:00,19,930
2021-01-01T00:00:00.000-08:00,2021-05-01T00:00:00.000-07:00,71,3819
2021-01-01T00:00:00.000-08:00,2021-05-01T00:00:00.000-07:00,257,2327
2021-01-01T00:00:00.000-08:00,2021-05-01T00:00:00.000-07:00,194,1466
2021-01-01T00:00:00.000-08:00,2021-05-01T00:00:00.000-07:00,190,986
2021-01-01T00:00:00.000-08:00,2021-05-01T00:00:00.000-07:00,23,345
2021-01-01T00:00:00.000-08:00,2021-05-01T00:00:00.000-07:00,253,73
2021-01-01T00:00:00.000-08:00,2021-05-01T00:00:00.000-07:00,152,17253
2021-01-01T00:00:00.000-08:00,2021-05-01T00:00:00.000-07:00,205,4205
2021-01-01T00:00:00.000-08:00,2021-05-01T00:00:00.000-07:00,135,2783
2021-01-01T00:00:00.000-08:00,2021-05-01T00:00:00.000-07:00,167,4065
2021-01-01T00:00:00.000-08:00,2021-05-01T00:00:00.000-07:00,215,3297
2021-01-01T00:00:00.000-08:00,2021-05-01T00:00:00.000-07:00,54,1195
2021-01-01T00:00:00.000-08:00,2021-05-01T00:00:00.000-07:00,88,14979
2021-01-01T00:00:00.000-08:00,2021-05-01T00:00:00.000-07:00,76,9905
2021-01-01T00:00:00.000-08:00,2021-05-01T00:00:00.000-07:00,235,4511
2021-01-01T00:00:00.000-08:00,2021-05-01T00:00:00.000-07:00,77,2707
2021-01-01T00:00:00.000-08:00,2021-05-01T00:00:00.000-07:00,192,906
2021-01-01T00:00:00.000-08:00,2021-05-01T00:00:00.000-07:00,142,191150
2021-01-01T00:00:00.000-08:00,2021-05-01T00:00:00.000-07:00,11,951
2021-01-01T00:00:00.000-08:00,2021-05-01T00:00:00.000-07:00,195,2356
2021-01-01T00:00:00.000-08:00,2021-05-01T00:00:00.000-07:00,161,194270
2021-01-01T00:00:00.000-08:00,2021-05-01T00:00:00.000-07:00,86,2495
2021-01-01T00:00:00.000-08:00,2021-05-01T00:00:00.000-07:00,153,754
2021-01-01T00:00:00.000-08:00,2021-05-01T00:00:00.000-07:00,90,99321
2021-01-01T00:00:00.000-08:00,2021-05-01T00:00:00.000-07:00,242,4129
2021-01-01T00:00:00.000-08:00,2021-05-01T00:00:00.000-07:00,72,4770
2021-01-01T00:00:00.000-08:00,2021-05-01T00:00:00.000-07:00,27,159
2021-01-01T00:00:00.000-08:00,2021-05-01T00:00:00.000-07:00,198,3675
2021-01-01T00:00:00.000-08:00,2021-05-01T00:00:00.000-07:00,130,5067
2021-01-01T00:00:00.000-08:00,2021-05-01T00:00:00.000-07:00,244,37498
2021-01-01T00:00:00.000-08:00,2021-05-01T00:00:00.000-07:00,69,6888
2021-01-01T00:00:00.000-08:00,2021-05-01T00:00:00.000-07:00,254,3668
2021-01-01T00:00:00.000-08:00,2021-05-01T00:00:00.000-07:00,189,4370
2021-01-01T00:00:00.000-08:00,2021-05-01T00:00:00.000-07:00,169,3806
2021-01-01T00:00:00.000-08:00,2021-05-01T00:00:00.000-07:00,225,7911
2021-01-01T00:00:00.000-08:00,2021-05-01T00:00:00.000-07:00,24,33490
2021-01-01T00:00:00.000-08:00,2021-05-01T00:00:00.000-07:00,10,5222
2021-01-01T00:00:00.000-08:00,2021-05-01T00:00:00.000-07:00,92,4416
2021-01-01T00:00:00.000-08:00,2021-05-01T00:00:00.000-07:00,114,52613
2021-01-01T00:00:00.000-08:00,2021-05-01T00:00:00.000-07:00,187,123
2021-01-01T00:00:00.000-08:00,2021-05-01T00:00:00.000-07:00,48,160332
2021-01-01T00:00:00.000-08:00,2021-05-01T00:00:00.000-07:00,125,21972
2021-01-01T00:00:00.000-08:00,2021-05-01T00:00:00.000-07:00,239,208671
2021-01-01T00:00:00.000-08:00,2021-05-01T00:00:00.000-07:00,124,1560
2021-01-01T00:00:00.000-08:00,2021-05-01T00:00:00.000-07:00,234,152061
2021-01-01T00:00:00.000-08:00,2021-05-01T00:00:00.000-07:00,115,317
2021-01-01T00:00:00.000-08:00,2021-05-01T00:00:00.000-07:00,210,2643
2021-01-01T00:00:00.000-08:00,2021-05-01T00:00:00.000-07:00,13,30935
2021-01-01T00:00:00.000-08:00,2021-05-01T00:00:00.000-07:00,16,1683
2021-01-01T00:00:00.000-08:00,2021-05-01T00:00:00.000-07:00,246,108090
2021-01-01T00:00:00.000-08:00,2021-05-01T00:00:00.000-07:00,184,196
2021-01-01T00:00:00.000-08:00,2021-05-01T00:00:00.000-07:00,264,41958
2021-01-01T00:00:00.000-08:00,2021-05-01T00:00:00.000-07:00,178,994
2021-01-01T00:00:00.000-08:00,2021-05-01T00:00:00.000-07:00,9,1045
2021-01-01T00:00:00.000-08:00,2021-05-01T00:00:00.000-07:00,66,6588
2021-01-01T00:00:00.000-08:00,2021-05-01T00:00:00.000-07:00,265,16543
2021-01-01T00:00:00.000-08:00,2021-05-01T00:00:00.000-07:00,94,1394
2021-01-01T00:00:00.000-08:00,2021-05-01T00:00:00.000-07:00,143,117201
2021-01-01T00:00:00.000-08:00,2021-05-01T00:00:00.000-07:00,202,3787
2021-01-01T00:00:00.000-08:00,2021-05-01T00:00:00.000-07:00,183,1003
2021-01-01T00:00:00.000-08:00,2021-05-01T00:00:00.000-07:00,80,7039
2021-01-01T00:00:00.000-08:00,2021-05-01T00:00:00.000-07:00,33,16226
2021-01-01T00:00:00.000-08:00,2021-05-01T00:00:00.000-07:00,247,5790
2021-01-01T00:00:00.000-08:00,2021-05-01T00:00:00.000-07:00,127,6740
2021-01-01T00:00:00.000-08:00,2021-05-01T00:00:00.000-07:00,134,2536
2021-01-01T00:00:00.000-08:00,2021-05-01T00:00:00.000-07:00,261,19065
2021-01-01T00:00:00.000-08:00,2021-05-01T00:00:00.000-07:00,206,295
2021-01-01T00:00:00.000-08:00,2021-05-01T00:00:00.000-07:00,179,7937
2021-01-01T00:00:00.000-08:00,2021-05-01T00:00:00.000-07:00,68,136914
2021-01-01T00:00:00.000-08:00,2021-05-01T00:00:00.000-07:00,137,119520
2021-01-01T00:00:00.000-08:00,2021-05-01T00:00:00.000-07:00,129,11505
2021-01-01T00:00:00.000-08:00,2021-05-01T00:00:00.000-07:00,138,20394
2021-01-01T00:00:00.000-08:00,2021-05-01T00:00:00.000-07:00,232,34982
2021-01-01T00:00:00.000-08:00,2021-05-01T00:00:00.000-07:00,95,9441
2021-01-01T00:00:00.000-08:00,2021-05-01T00:00:00.000-07:00,44,553
2021-01-01T00:00:00.000-08:00,2021-05-01T00:00:00.000-07:00,126,2323
2021-01-01T00:00:00.000-08:00,2021-05-01T00:00:00.000-07:00,107,134073
2021-01-01T00:00:00.000-08:00,2021-05-01T00:00:00.000-07:00,97,10253
2021-01-01T00:00:00.000-08:00,2021-05-01T00:00:00.000-07:00,123,2613
2021-01-01T00:00:00.000-08:00,2021-05-01T00:00:00.000-07:00,241,2937
2021-01-01T00:00:00.000-08:00,2021-05-01T00:00:00.000-07:00,238,198145
2021-01-01T00:00:00.000-08:00,2021-05-01T00:00:00.000-07:00,211,45839
2021-01-01T00:00:00.000-08:00,2021-05-01T00:00:00.000-07:00,87,31720
2021-01-01T00:00:00.000-08:00,2021-05-01T00:00:00.000-07:00,260,7016
2021-01-01T00:00:00.000-08:00,2021-05-01T00:00:00.000-07:00,8,121
2021-01-01T00:00:00.000-08:00,2021-05-01T00:00:00.000-07:00,120,620
2021-01-01T00:00:00.000-08:00,2021-05-01T00:00:00.000-07:00,78,3038
2021-05-01T00:00:00.000-07:00,2021-09-01T00:00:00.000-07:00,97,15152
2021-05-01T00:00:00.000-07:00,2021-09-01T00:00:00.000-07:00,158,108486
2021-05-01T00:00:00.000-07:00,2021-09-01T00:00:00.000-07:00,228,6873
2021-05-01T00:00:00.000-07:00,2021-09-01T00:00:00.000-07:00,73,857
2021-05-01T00:00:00.000-07:00,2021-09-01T00:00:00.000-07:00,69,6815
2021-05-01T00:00:00.000-07:00,2021-09-01T00:00:00.000-07:00,222,2102
2021-05-01T00:00:00.000-07:00,2021-09-01T00:00:00.000-07:00,174,2648
2021-05-01T00:00:00.000-07:00,2021-09-01T00:00:00.000-07:00,184,324
2021-05-01T00:00:00.000-07:00,2021-09-01T00:00:00.000-07:00,152,20163
2021-05-01T00:00:00.000-07:00,2021-09-01T00:00:00.000-07:00,117,2513
2021-05-01T00:00:00.000-07:00,2021-09-01T00:00:00.000-07:00,204,48
2021-05-01T00:00:00.000-07:00,2021-09-01T00:00:00.000-07:00,5,128
2021-05-01T00:00:00.000-07:00,2021-09-01T00:00:00.000-07:00,177,3903
2021-05-01T00:00:00.000-07:00,2021-09-01T00:00:00.000-07:00,236,478464
2021-05-01T00:00:00.000-07:00,2021-09-01T00:00:00.000-07:00,163,244540
2021-05-01T00:00:00.000-07:00,2021-09-01T00:00:00.000-07:00,74,107868
2021-05-01T00:00:00.000-07:00,2021-09-01T00:00:00.000-07:00,47,2903
2021-05-01T00:00:00.000-07:00,2021-09-01T00:00:00.000-07:00,252,2215
2021-05-01T00:00:00.000-07:00,2021-09-01T00:00:00.000-07:00,229,243486
2021-05-01T00:00:00.000-07:00,2021-09-01T00:00:00.000-07:00,41,87979
2021-05-01T00:00:00.000-07:00,2021-09-01T00:00:00.000-07:00,4,49258
2021-05-01T00:00:00.000-07:00,2021-09-01T00:00:00.000-07:00,168,11364
2021-05-01T00:00:00.000-07:00,2021-09-01T00:00:00.000-07:00,151,118457
2021-05-01T00:00:00.000-07:00,2021-09-01T00:00:00.000-07:00,260,10562
2021-05-01T00:00:00.000-07:00,2021-09-01T00:00:00.000-07:00,113,137547
2021-05-01T00:00:00.000-07:00,2021-09-01T00:00:00.000-07:00,45,26993
2021-05-01T00:00:00.000-07:00,2021-09-01T00:00:00.000-07:00,105,7
2021-05-01T00:00:00.000-07:00,2021-09-01T00:00:00.000-07:00,108,1330
2021-05-01T00:00:00.000-07:00,2021-09-01T00:00:00.000-07:00,116,35038
2021-05-01T00:00:00.000-07:00,2021-09-01T00:00:00.000-07:00,147,1871
2021-05-01T00:00:00.000-07:00,2021-09-01T00:00:00.000-07:00,224,40237
2021-05-01T00:00:00.000-07:00,2021-09-01T00:00:00.000-07:00,1,18847
2021-05-01T00:00:00.000-07:00,2021-09-01T00:00:00.000-07:00,61,19230
2021-05-01T00:00:00.000-07:00,2021-09-01T00:00:00.000-07:00,251,159
2021-05-01T00:00:00.000-07:00,2021-09-01T00:00:00.000-07:00,93,2802
2021-05-01T00:00:00.000-07:00,2021-09-01T00:00:00.000-07:00,214,207
2021-05-01T00:00:00.000-07:00,2021-09-01T00:00:00.000-07:00,54,2142
2021-05-01T00:00:00.000-07:00,2021-09-01T00:00:00.000-07:00,187,141
2021-05-01T00:00:00.000-07:00,2021-09-01T00:00:00.000-07:00,13,79536
2021-05-01T00:00:00.000-07:00,2021-09-01T00:00:00.000-07:00,188,10186
2021-05-01T00:00:00.000-07:00,2021-09-01T00:00:00.000-07:00,173,3168
2021-05-01T00:00:00.000-07:00,2021-09-01T00:00:00.000-07:00,194,2129
2021-05-01T00:00:00.000-07:00,2021-09-01T00:00:00.000-07:00,196,5090
2021-05-01T00:00:00.000-07:00,2021-09-01T00:00:00.000-07:00,162,276667
2021-05-01T00:00:00.000-07:00,2021-09-01T00:00:00.000-07:00,57,346
2021-05-01T00:00:00.000-07:00,2021-09-01T00:00:00.000-07:00,7,37867
2021-05-01T00:00:00.000-07:00,2021-09-01T00:00:00.000-07:00,182,2659
2021-05-01T00:00:00.000-07:00,2021-09-01T00:00:00.000-07:00,220,5646
2021-05-01T00:00:00.000-07:00,2021-09-01T00:00:00.000-07:00,79,239219
2021-05-01T00:00:00.000-07:00,2021-09-01T00:00:00.000-07:00,233,169682
2021-05-01T00:00:00.000-07:00,2021-09-01T00:00:00.000-07:00,50,122853
2021-05-01T00:00:00.000-07:00,2021-09-01T00:00:00.000-07:00,18,2962
2021-05-01T00:00:00.000-07:00,2021-09-01T00:00:00.000-07:00,38,2438
2021-05-01T00:00:00.000-07:00,2021-09-01T00:00:00.000-07:00,51,3735
2021-05-01T00:00:00.000-07:00,2021-09-01T00:00:00.000-07:00,165,3629
2021-05-01T00:00:00.000-07:00,2021-09-01T00:00:00.000-07:00,49,15254
2021-05-01T00:00:00.000-07:00,2021-09-01T00:00:00.000-07:00,32,1842
2021-05-01T00:00:00.000-07:00,2021-09-01T00:00:00.000-07:00,62,5575
2021-05-01T00:00:00.000-07:00,2021-09-01T00:00:00.000-07:00,124,2477
2021-05-01T00:00:00.000-07:00,2021-09-01T00:00:00.000-07:00,186,249001
2021-05-01T00:00:00.000-07:00,2021-09-01T00:00:00.000-07:00,43,149495
2021-05-01T00:00:00.000-07:00,2021-09-01T00:00:00.000-07:00,213,4060
2021-05-01T00:00:00.000-07:00,2021-09-01T00:00:00.000-07:00,206,389
2021-05-01T00:00:00.000-07:00,2021-09-01T00:00:00.000-07:00,27,271
2021-05-01T00:00:00.000-07:00,2021-09-01T00:00:00.000-07:00,134,3828
2021-05-01T00:00:00.000-07:00,2021-09-01T00:00:00.000-07:00,133,3375
2021-05-01T00:00:00.000-07:00,2021-09-01T00:00:00.000-07:00,239,308277
2021-05-01T00:00:00.000-07:00,2021-09-01T00:00:00.000-07:00,232,78187
2021-05-01T00:00:00.000-07:00,2021-09-01T00:00:00.000-07:00,245,119
2021-05-01T00:00:00.000-07:00,2021-09-01T00:00:00.000-07:00,107,218872
2021-05-01T00:00:00.000-07:00,2021-09-01T00:00:00.000-07:00,35,4766
2021-05-01T00:00:00.000-07:00,2021-09-01T00:00:00.000-07:00,248,2086
2021-05-01T00:00:00.000-07:00,2021-09-01T00:00:00.000-07:00,161,347824
2021-05-01T00:00:00.000-07:00,2021-09-01T00:00:00.000-07:00,197,5677
2021-05-01T00:00:00.000-07:00,2021-09-01T00:00:00.000-07:00,227,2593
2021-05-01T00:00:00.000-07:00,2021-09-01T00:00:00.000-07:00,183,1054
2021-05-01T00:00:00.000-07:00,2021-09-01T00:00:00.000-07:00,240,665
2021-05-01T00:00:00.000-07:00,2021-09-01T00:00:00.000-07:00,241,2765
2021-05-01T00:00:00.000-07:00,2021-09-01T00:00:00.000-07:00,126,2024
2021-05-01T00:00:00.000-07:00,2021-09-01T00:00:00.000-07:00,44,450
2021-05-01T00:00:00.000-07:00,2021-09-01T00:00:00.000-07:00,53,1625
2021-05-01T00:00:00.000-07:00,2021-09-01T00:00:00.000-07:00,123,2236
2021-05-01T00:00:00.000-07:00,2021-09-01T00:00:00.000-07:00,217,5322
2021-05-01T00:00:00.000-07:00,2021-09-01T00:00:00.000-07:00,99,8
2021-05-01T00:00:00.000-07:00,2021-09-01T00:00:00.000-07:00,179,12848
2021-05-01T00:00:00.000-07:00,2021-09-01T00:00:00.000-07:00,216,8475
2021-05-01T00:00:00.000-07:00,2021-09-01T00:00:00.000-07:00,31,1639
2021-05-01T00:00:00.000-07:00,2021-09-01T00:00:00.000-07:00,14,8459
2021-05-01T00:00:00.000-07:00,2021-09-01T00:00:00.000-07:00,144,98096
2021-05-01T00:00:00.000-07:00,2021-09-01T00:00:00.000-07:00,223,18376
2021-05-01T00:00:00.000-07:00,2021-09-01T00:00:00.000-07:00,29,2046
2021-05-01T00:00:00.000-07:00,2021-09-01T00:00:00.000-07:00,138,83971
2021-05-01T00:00:00.000-07:00,2021-09-01T00:00:00.000-07:00,258,3374
2021-05-01T00:00:00.000-07:00,2021-09-01T00:00:00.000-07:00,88,33608
2021-05-01T00:00:00.000-07:00,2021-09-01T00:00:00.000-07:00,60,1534
2021-05-01T00:00:00.000-07:00,2021-09-01T00:00:00.000-07:00,10,8775
2021-05-01T00:00:00.000-07:00,2021-09-01T00:00:00.000-07:00,122,1349
2021-05-01T00:00:00.000-07:00,2021-09-01T00:00:00.000-07:00,149,2129
2021-05-01T00:00:00.000-07:00,2021-09-01T00:00:00.000-07:00,230,212594
2021-05-01T00:00:00.000-07:00,2021-09-01T00:00:00.000-07:00,142,290986
2021-05-01T00:00:00.000-07:00,2021-09-01T00:00:00.000-07:00,115,231
2021-05-01T00:00:00.000-07:00,2021-09-01T00:00:00.000-07:00,40,9345
2021-05-01T00:00:00.000-07:00,2021-09-01T00:00:00.000-07:00,15,1742
2021-05-01T00:00:00.000-07:00,2021-09-01T00:00:00.000-07:00,127,9047
2021-05-01T00:00:00.000-07:00,2021-09-01T00:00:00.000-07:00,195,3504
2021-05-01T00:00:00.000-07:00,2021-09-01T00:00:00.000-07:00,86,2952
2021-05-01T00:00:00.000-07:00,2021-09-01T00:00:00.000-07:00,66,13170
2021-05-01T00:00:00.000-07:00,2021-09-01T00:00:00.000-07:00,16,2592
2021-05-01T00:00:00.000-07:00,2021-09-01T00:00:00.000-07:00,34,1520
2021-05-01T00:00:00.000-07:00,2021-09-01T00:00:00.000-07:00,175,1225
2021-05-01T00:00:00.000-07:00,2021-09-01T00:00:00.000-07:00,17,14285
2021-05-01T00:00:00.000-07:00,2021-09-01T00:00:00.000-07:00,19,1321
2021-05-01T00:00:00.000-07:00,2021-09-01T00:00:00.000-07:00,192,1205
2021-05-01T00:00:00.000-07:00,2021-09-01T00:00:00.000-07:00,76,9091
2021-05-01T00:00:00.000-07:00,2021-09-01T00:00:00.000-07:00,71,3689
2021-05-01T00:00:00.000-07:00,2021-09-01T00:00:00.000-07:00,200,4074
2021-05-01T00:00:00.000-07:00,2021-09-01T00:00:00.000-07:00,164,208067
2021-05-01T00:00:00.000-07:00,2021-09-01T00:00:00.000-07:00,172,154
2021-05-01T00:00:00.000-07:00,2021-09-01T00:00:00.000-07:00,90,155178
2021-05-01T00:00:00.000-07:00,2021-09-01T00:00:00.000-07:00,65,15098
2021-05-01T00:00:00.000-07:00,2021-09-01T00:00:00.000-07:00,261,41613
2021-05-01T00:00:00.000-07:00,2021-09-01T00:00:00.000-07:00,136,2537
2021-05-01T00:00:00.000-07:00,2021-09-01T00:00:00.000-07:00,131,3059
2021-05-01T00:00:00.000-07:00,2021-09-01T00:00:00.000-07:00,219,4438
2021-05-01T00:00:00.000-07:00,2021-09-01T00:00:00.000-07:00,207,1275
2021-05-01T00:00:00.000-07:00,2021-09-01T00:00:00.000-07:00,67,1672
2021-05-01T00:00:00.000-07:00,2021-09-01T00:00:00.000-07:00,12,5534
2021-05-01T00:00:00.000-07:00,2021-09-01T00:00:00.000-07:00,55,3700
2021-05-01T00:00:00.000-07:00,2021-09-01T00:00:00.000-07:00,6,210
2021-05-01T00:00:00.000-07:00,2021-09-01T00:00:00.000-07:00,20,1944
2021-05-01T00:00:00.000-07:00,2021-09-01T00:00:00.000-07:00,120,760
2021-05-01T00:00:00.000-07:00,2021-09-01T00:00:00.000-07:00,244,44752
2021-05-01T00:00:00.000-07:00,2021-09-01T00:00:00.000-07:00,201,1404
2021-05-01T00:00:00.000-07:00,2021-09-01T00:00:00.000-07:00,167,3386
2021-05-01T00:00:00.000-07:00,2021-09-01T00:00:00.000-07:00,215,4162
2021-05-01T00:00:00.000-07:00,2021-09-01T00:00:00.000-07:00,52,6721
2021-05-01T00:00:00.000-07:00,2021-09-01T00:00:00.000-07:00,56,4199
2021-05-01T00:00:00.000-07:00,2021-09-01T00:00:00.000-07:00,77,2341
2021-05-01T00:00:00.000-07:00,2021-09-01T00:00:00.000-07:00,202,5695
2021-05-01T00:00:00.000-07:00,2021-09-01T00:00:00.000-07:00,262,170443
2021-05-01T00:00:00.000-07:00,2021-09-01T00:00:00.000-07:00,82,8750
2021-05-01T00:00:00.000-07:00,2021-09-01T00:00:00.000-07:00,160,3958
2021-05-01T00:00:00.000-07:00,2021-09-01T00:00:00.000-07:00,137,164787
2021-05-01T00:00:00.000-07:00,2021-09-01T00:00:00.000-07:00,159,5067
2021-05-01T00:00:00.000-07:00,2021-09-01T00:00:00.000-07:00,59,121
2021-05-01T00:00:00.000-07:00,2021-09-01T00:00:00.000-07:00,208,2657
2021-05-01T00:00:00.000-07:00,2021-09-01T00:00:00.000-07:00,81,1874
2021-05-01T00:00:00.000-07:00,2021-09-01T00:00:00.000-07:00,106,4098
2021-05-01T00:00:00.000-07:00,2021-09-01T00:00:00.000-07:00,23,429
2021-05-01T00:00:00.000-07:00,2021-09-01T00:00:00.000-07:00,36,7582
2021-05-01T00:00:00.000-07:00,2021-09-01T00:00:00.000-07:00,21,1834
2021-05-01T00:00:00.000-07:00,2021-09-01T00:00:00.000-07:00,254,3152
2021-05-01T00:00:00.000-07:00,2021-09-01T00:00:00.000-07:00,58,342
2021-05-01T00:00:00.000-07:00,2021-09-01T00:00:00.000-07:00,72,4200
2021-05-01T00:00:00.000-07:00,2021-09-01T00:00:00.000-07:00,84,90
2021-05-01T00:00:00.000-07:00,2021-09-01T00:00:00.000-07:00,265,36357
2021-05-01T00:00:00.000-07:00,2021-09-01T00:00:00.000-07:00,191,3131
2021-05-01T00:00:00.000-07:00,2021-09-01T00:00:00.000-07:00,242,2896
2021-05-01T00:00:00.000-07:00,2021-09-01T00:00:00.000-07:00,118,264
2021-05-01T00:00:00.000-07:00,2021-09-01T00:00:00.000-07:00,253,145
2021-05-01T00:00:00.000-07:00,2021-09-01T00:00:00.000-07:00,157,3828
2021-05-01T00:00:00.000-07:00,2021-09-01T00:00:00.000-07:00,247,6423
2021-05-01T00:00:00.000-07:00,2021-09-01T00:00:00.000-07:00,193,11578
2021-05-01T00:00:00.000-07:00,2021-09-01T00:00:00.000-07:00,128,817
2021-05-01T00:00:00.000-07:00,2021-09-01T00:00:00.000-07:00,150,1202
2021-05-01T00:00:00.000-07:00,2021-09-01T00:00:00.000-07:00,212,1946
2021-05-01T00:00:00.000-07:00,2021-09-01T00:00:00.000-07:00,221,283
2021-05-01T00:00:00.000-07:00,2021-09-01T00:00:00.000-07:00,135,3579
2021-05-01T00:00:00.000-07:00,2021-09-01T00:00:00.000-07:00,250,1720
2021-05-01T00:00:00.000-07:00,2021-09-01T00:00:00.000-07:00,185,2218
2021-05-01T00:00:00.000-07:00,2021-09-01T00:00:00.000-07:00,112,22172
2021-05-01T00:00:00.000-07:00,2021-09-01T00:00:00.000-07:00,63,2574
2021-05-01T00:00:00.000-07:00,2021-09-01T00:00:00.000-07:00,33,27089
2021-05-01T00:00:00.000-07:00,2021-09-01T00:00:00.000-07:00,225,11256
2021-05-01T00:00:00.000-07:00,2021-09-01T00:00:00.000-07:00,145,33083
2021-05-01T00:00:00.000-07:00,2021-09-01T00:00:00.000-07:00,231,150085
2021-05-01T00:00:00.000-07:00,2021-09-01T00:00:00.000-07:00,129,18439
2021-05-01T00:00:00.000-07:00,2021-09-01T00:00:00.000-07:00,83,3628
2021-05-01T00:00:00.000-07:00,2021-09-01T00:00:00.000-07:00,210,2850
2021-05-01T00:00:00.000-07:00,2021-09-01T00:00:00.000-07:00,234,263799
2021-05-01T00:00:00.000-07:00,2021-09-01T00:00:00.000-07:00,100,152892
2021-05-01T00:00:00.000-07:00,2021-09-01T00:00:00.000-07:00,211,92542
2021-05-01T00:00:00.000-07:00,2021-09-01T00:00:00.000-07:00,11,1021
2021-05-01T00:00:00.000-07:00,2021-09-01T00:00:00.000-07:00,42,62346
2021-05-01T00:00:00.000-07:00,2021-09-01T00:00:00.000-07:00,28,3920
2021-05-01T00:00:00.000-07:00,2021-09-01T00:00:00.000-07:00,3,1424
2021-05-01T00:00:00.000-07:00,2021-09-01T00:00:00.000-07:00,24,44012
2021-05-01T00:00:00.000-07:00,2021-09-01T00:00:00.000-07:00,78,2570
2021-05-01T00:00:00.000-07:00,2021-09-01T00:00:00.000-07:00,246,177946
2021-05-01T00:00:00.000-07:00,2021-09-01T00:00:00.000-07:00,190,1757
2021-05-01T00:00:00.000-07:00,2021-09-01T00:00:00.000-07:00,89,10874
2021-05-01T00:00:00.000-07:00,2021-09-01T00:00:00.000-07:00,119,3872
2021-05-01T00:00:00.000-07:00,2021-09-01T00:00:00.000-07:00,70,6097
2021-05-01T00:00:00.000-07:00,2021-09-01T00:00:00.000-07:00,143,168720
2021-05-01T00:00:00.000-07:00,2021-09-01T00:00:00.000-07:00,170,333264
2021-05-01T00:00:00.000-07:00,2021-09-01T00:00:00.000-07:00,8,313
2021-05-01T00:00:00.000-07:00,2021-09-01T00:00:00.000-07:00,109,141
2021-05-01T00:00:00.000-07:00,2021-09-01T00:00:00.000-07:00,178,1009
2021-05-01T00:00:00.000-07:00,2021-09-01T00:00:00.000-07:00,154,249
2021-05-01T00:00:00.000-07:00,2021-09-01T00:00:00.000-07:00,80,14422
2021-05-01T00:00:00.000-07:00,2021-09-01T00:00:00.000-07:00,94,1263
2021-05-01T00:00:00.000-07:00,2021-09-01T00:00:00.000-07:00,235,4342
2021-05-01T00:00:00.000-07:00,2021-09-01T00:00:00.000-07:00,226,23589
2021-05-01T00:00:00.000-07:00,2021-09-01T00:00:00.000-07:00,121,2978
2021-05-01T00:00:00.000-07:00,2021-09-01T00:00:00.000-07:00,176,89
2021-05-01T00:00:00.000-07:00,2021-09-01T00:00:00.000-07:00,39,6763
2021-05-01T00:00:00.000-07:00,2021-09-01T00:00:00.000-07:00,30,78
2021-05-01T00:00:00.000-07:00,2021-09-01T00:00:00.000-07:00,75,171887
2021-05-01T00:00:00.000-07:00,2021-09-01T00:00:00.000-07:00,238,265501
2021-05-01T00:00:00.000-07:00,2021-09-01T00:00:00.000-07:00,37,13525
2021-05-01T00:00:00.000-07:00,2021-09-01T00:00:00.000-07:00,25,16881
2021-05-01T00:00:00.000-07:00,2021-09-01T00:00:00.000-07:00,9,1611
2021-05-01T00:00:00.000-07:00,2021-09-01T00:00:00.000-07:00,91,4641
2021-05-01T00:00:00.000-07:00,2021-09-01T00:00:00.000-07:00,203,2458
2021-05-01T00:00:00.000-07:00,2021-09-01T00:00:00.000-07:00,2,16
2021-05-01T00:00:00.000-07:00,2021-09-01T00:00:00.000-07:00,180,1500
2021-05-01T00:00:00.000-07:00,2021-09-01T00:00:00.000-07:00,68,241148
2021-05-01T00:00:00.000-07:00,2021-09-01T00:00:00.000-07:00,205,5572
2021-05-01T00:00:00.000-07:00,2021-09-01T00:00:00.000-07:00,169,3534
2021-05-01T00:00:00.000-07:00,2021-09-01T00:00:00.000-07:00,130,7155
2021-05-01T00:00:00.000-07:00,2021-09-01T00:00:00.000-07:00,132,85605
2021-05-01T00:00:00.000-07:00,2021-09-01T00:00:00.000-07:00,98,2199
2021-05-01T00:00:00.000-07:00,2021-09-01T00:00:00.000-07:00,218,4007
2021-05-01T00:00:00.000-07:00,2021-09-01T00:00:00.000-07:00,237,467142
2021-05-01T00:00:00.000-07:00,2021-09-01T00:00:00.000-07:00,153,714
2021-05-01T00:00:00.000-07:00,2021-09-01T00:00:00.000-07:00,257,4505
2021-05-01T00:00:00.000-07:00,2021-09-01T00:00:00.000-07:00,102,2468
2021-05-01T00:00:00.000-07:00,2021-09-01T00:00:00.000-07:00,114,108365
2021-05-01T00:00:00.000-07:00,2021-09-01T00:00:00.000-07:00,259,2253
2021-05-01T00:00:00.000-07:00,2021-09-01T00:00:00.000-07:00,166,78367
2021-05-01T00:00:00.000-07:00,2021-09-01T00:00:00.000-07:00,255,25456
2021-05-01T00:00:00.000-07:00,2021-09-01T00:00:00.000-07:00,139,2688
2021-05-01T00:00:00.000-07:00,2021-09-01T00:00:00.000-07:00,101,1412
2021-05-01T00:00:00.000-07:00,2021-09-01T00:00:00.000-07:00,22,2708
2021-05-01T00:00:00.000-07:00,2021-09-01T00:00:00.000-07:00,155,3067
2021-05-01T00:00:00.000-07:00,2021-09-01T00:00:00.000-07:00,46,401
2021-05-01T00:00:00.000-07:00,2021-09-01T00:00:00.000-07:00,141,317863
2021-05-01T00:00:00.000-07:00,2021-09-01T00:00:00.000-07:00,198,6235
2021-05-01T00:00:00.000-07:00,2021-09-01T00:00:00.000-07:00,87,69674
2021-05-01T00:00:00.000-07:00,2021-09-01T00:00:00.000-07:00,249,192666
2021-05-01T00:00:00.000-07:00,2021-09-01T00:00:00.000-07:00,140,240677
2021-05-01T00:00:00.000-07:00,2021-09-01T00:00:00.000-07:00,181,26590
2021-05-01T00:00:00.000-07:00,2021-09-01T00:00:00.000-07:00,125,47423
2021-05-01T00:00:00.000-07:00,2021-09-01T00:00:00.000-07:00,263,245459
2021-05-01T00:00:00.000-07:00,2021-09-01T00:00:00.000-07:00,256,23951
2021-05-01T00:00:00.000-07:00,2021-09-01T00:00:00.000-07:00,148,107308
2021-05-01T00:00:00.000-07:00,2021-09-01T00:00:00.000-07:00,264,57704
2021-05-01T00:00:00.000-07:00,2021-09-01T00:00:00.000-07:00,95,14940
2021-05-01T00:00:00.000-07:00,2021-09-01T00:00:00.000-07:00,111,170
2021-05-01T00:00:00.000-07:00,2021-09-01T00:00:00.000-07:00,156,216
2021-05-01T00:00:00.000-07:00,2021-09-01T00:00:00.000-07:00,85,2854
2021-05-01T00:00:00.000-07:00,2021-09-01T00:00:00.000-07:00,189,9189
2021-05-01T00:00:00.000-07:00,2021-09-01T00:00:00.000-07:00,209,27868
2021-05-01T00:00:00.000-07:00,2021-09-01T00:00:00.000-07:00,96,377
2021-05-01T00:00:00.000-07:00,2021-09-01T00:00:00.000-07:00,146,11227
2021-05-01T00:00:00.000-07:00,2021-09-01T00:00:00.000-07:00,92,6684
2021-05-01T00:00:00.000-07:00,2021-09-01T00:00:00.000-07:00,243,22545
2021-05-01T00:00:00.000-07:00,2021-09-01T00:00:00.000-07:00,171,2438
2021-05-01T00:00:00.000-07:00,2021-09-01T00:00:00.000-07:00,64,1489
2021-05-01T00:00:00.000-07:00,2021-09-01T00:00:00.000-07:00,48,270630
2021-05-01T00:00:00.000-07:00,2021-09-01T00:00:00.000-07:00,26,3952
2021-09-01T00:00:00.000-07:00,2022-01-01T00:00:00.000-08:00,60,1080
2021-09-01T00:00:00.000-07:00,2022-01-01T00:00:00.000-08:00,46,284
2021-09-01T00:00:00.000-07:00,2022-01-01T00:00:00.000-08:00,235,2917
2021-09-01T00:00:00.000-07:00,2022-01-01T00:00:00.000-08:00,197,5191
2021-09-01T00:00:00.000-07:00,2022-01-01T00:00:00.000-08:00,190,2595
2021-09-01T00:00:00.000-07:00,2022-01-01T00:00:00.000-08:00,3,1057
2021-09-01T00:00:00.000-07:00,2022-01-01T00:00:00.000-08:00,91,3583
2021-09-01T00:00:00.000-07:00,2022-01-01T00:00:00.000-08:00,167,2411
2021-09-01T00:00:00.000-07:00,2022-01-01T00:00:00.000-08:00,32,1306
2021-09-01T00:00:00.000-07:00,2022-01-01T00:00:00.000-08:00,55,2626
2021-09-01T00:00:00.000-07:00,2022-01-01T00:00:00.000-08:00,72,3292
2021-09-01T00:00:00.000-07:00,2022-01-01T00:00:00.000-08:00,58,347
2021-09-01T00:00:00.000-07:00,2022-01-01T00:00:00.000-08:00,117,1919
2021-09-01T00:00:00.000-07:00,2022-01-01T00:00:00.000-08:00,116,36971
2021-09-01T00:00:00.000-07:00,2022-01-01T00:00:00.000-08:00,155,2548
2021-09-01T00:00:00.000-07:00,2022-01-01T00:00:00.000-08:00,196,4931
2021-09-01T00:00:00.000-07:00,2022-01-01T00:00:00.000-08:00,84,86
2021-09-01T00:00:00.000-07:00,2022-01-01T00:00:00.000-08:00,106,5009
2021-09-01T00:00:00.000-07:00,2022-01-01T00:00:00.000-08:00,241,2360
2021-09-01T00:00:00.000-07:00,2022-01-01T00:00:00.000-08:00,139,2476
2021-09-01T00:00:00.000-07:00,2022-01-01T00:00:00.000-08:00,66,15619
2021-09-01T00:00:00.000-07:00,2022-01-01T00:00:00.000-08:00,34,1491
2021-09-01T00:00:00.000-07:00,2022-01-01T00:00:00.000-08:00,133,3661
2021-09-01T00:00:00.000-07:00,2022-01-01T00:00:00.000-08:00,138,149218
2021-09-01T00:00:00.000-07:00,2022-01-01T00:00:00.000-08:00,141,365218
2021-09-01T00:00:00.000-07:00,2022-01-01T00:00:00.000-08:00,186,290559
2021-09-01T00:00:00.000-07:00,2022-01-01T00:00:00.000-08:00,223,21197
2021-09-01T00:00:00.000-07:00,2022-01-01T00:00:00.000-08:00,185,1750
2021-09-01T00:00:00.000-07:00,2022-01-01T00:00:00.000-08:00,249,224491
2021-09-01T00:00:00.000-07:00,2022-01-01T00:00:00.000-08:00,25,20345
2021-09-01T00:00:00.000-07:00,2022-01-01T00:00:00.000-08:00,226,27939
2021-09-01T00:00:00.000-07:00,2022-01-01T00:00:00.000-08:00,77,1761
2021-09-01T00:00:00.000-07:00,2022-01-01T00:00:00.000-08:00,252,2268
2021-09-01T00:00:00.000-07:00,2022-01-01T00:00:00.000-08:00,137,180663
2021-09-01T00:00:00.000-07:00,2022-01-01T00:00:00.000-08:00,257,5226
2021-09-01T00:00:00.000-07:00,2022-01-01T00:00:00.000-08:00,174,2108
2021-09-01T00:00:00.000-07:00,2022-01-01T00:00:00.000-08:00,191,3012
2021-09-01T00:00:00.000-07:00,2022-01-01T00:00:00.000-08:00,134,3843
2021-09-01T00:00:00.000-07:00,2022-01-01T00:00:00.000-08:00,150,992
2021-09-01T00:00:00.000-07:00,2022-01-01T00:00:00.000-08:00,254,2260
2021-09-01T00:00:00.000-07:00,2022-01-01T00:00:00.000-08:00,229,281271
2021-09-01T00:00:00.000-07:00,2022-01-01T00:00:00.000-08:00,206,379
2021-09-01T00:00:00.000-07:00,2022-01-01T00:00:00.000-08:00,232,68294
2021-09-01T00:00:00.000-07:00,2022-01-01T00:00:00.000-08:00,100,185710
2021-09-01T00:00:00.000-07:00,2022-01-01T00:00:00.000-08:00,188,10165
2021-09-01T00:00:00.000-07:00,2022-01-01T00:00:00.000-08:00,28,3885
2021-09-01T00:00:00.000-07:00,2022-01-01T00:00:00.000-08:00,131,2788
2021-09-01T00:00:00.000-07:00,2022-01-01T00:00:00.000-08:00,238,315047
2021-09-01T00:00:00.000-07:00,2022-01-01T00:00:00.000-08:00,153,681
2021-09-01T00:00:00.000-07:00,2022-01-01T00:00:00.000-08:00,31,1323
2021-09-01T00:00:00.000-07:00,2022-01-01T00:00:00.000-08:00,170,384054
2021-09-01T00:00:00.000-07:00,2022-01-01T00:00:00.000-08:00,171,2227
2021-09-01T00:00:00.000-07:00,2022-01-01T00:00:00.000-08:00,227,2449
2021-09-01T00:00:00.000-07:00,2022-01-01T00:00:00.000-08:00,159,3985
2021-09-01T00:00:00.000-07:00,2022-01-01T00:00:00.000-08:00,158,127791
2021-09-01T00:00:00.000-07:00,2022-01-01T00:00:00.000-08:00,22,2587
2021-09-01T00:00:00.000-07:00,2022-01-01T00:00:00.000-08:00,213,2864
2021-09-01T00:00:00.000-07:00,2022-01-01T00:00:00.000-08:00,67,1874
2021-09-01T00:00:00.000-07:00,2022-01-01T00:00:00.000-08:00,234,303505
2021-09-01T00:00:00.000-07:00,2022-01-01T00:00:00.000-08:00,166,101801
2021-09-01T00:00:00.000-07:00,2022-01-01T00:00:00.000-08:00,127,9570
2021-09-01T00:00:00.000-07:00,2022-01-01T00:00:00.000-08:00,179,14467
2021-09-01T00:00:00.000-07:00,2022-01-01T00:00:00.000-08:00,78,1965
2021-09-01T00:00:00.000-07:00,2022-01-01T00:00:00.000-08:00,44,513
2021-09-01T00:00:00.000-07:00,2022-01-01T00:00:00.000-08:00,42,59630
2021-09-01T00:00:00.000-07:00,2022-01-01T00:00:00.000-08:00,92,7273
2021-09-01T00:00:00.000-07:00,2022-01-01T00:00:00.000-08:00,4,54248
2021-09-01T00:00:00.000-07:00,2022-01-01T00:00:00.000-08:00,248,1602
2021-09-01T00:00:00.000-07:00,2022-01-01T00:00:00.000-08:00,192,1146
2021-09-01T00:00:00.000-07:00,2022-01-01T00:00:00.000-08:00,205,4475
2021-09-01T00:00:00.000-07:00,2022-01-01T00:00:00.000-08:00,262,203437
2021-09-01T00:00:00.000-07:00,2022-01-01T00:00:00.000-08:00,149,1946
2021-09-01T00:00:00.000-07:00,2022-01-01T00:00:00.000-08:00,165,3590
2021-09-01T00:00:00.000-07:00,2022-01-01T00:00:00.000-08:00,145,40653
2021-09-01T00:00:00.000-07:00,2022-01-01T00:00:00.000-08:00,233,195330
2021-09-01T00:00:00.000-07:00,2022-01-01T00:00:00.000-08:00,85,2399
2021-09-01T00:00:00.000-07:00,2022-01-01T00:00:00.000-08:00,210,2618
2021-09-01T00:00:00.000-07:00,2022-01-01T00:00:00.000-08:00,236,597572
2021-09-01T00:00:00.000-07:00,2022-01-01T00:00:00.000-08:00,87,87257
2021-09-01T00:00:00.000-07:00,2022-01-01T00:00:00.000-08:00,17,15677
2021-09-01T00:00:00.000-07:00,2022-01-01T00:00:00.000-08:00,115,246
2021-09-01T00:00:00.000-07:00,2022-01-01T00:00:00.000-08:00,251,199
2021-09-01T00:00:00.000-07:00,2022-01-01T00:00:00.000-08:00,253,155
2021-09-01T00:00:00.000-07:00,2022-01-01T00:00:00.000-08:00,128,834
2021-09-01T00:00:00.000-07:00,2022-01-01T00:00:00.000-08:00,146,13734
2021-09-01T00:00:00.000-07:00,2022-01-01T00:00:00.000-08:00,250,1523
2021-09-01T00:00:00.000-07:00,2022-01-01T00:00:00.000-08:00,36,8795
2021-09-01T00:00:00.000-07:00,2022-01-01T00:00:00.000-08:00,143,205169
2021-09-01T00:00:00.000-07:00,2022-01-01T00:00:00.000-08:00,130,6452
2021-09-01T00:00:00.000-07:00,2022-01-01T00:00:00.000-08:00,27,250
2021-09-01T00:00:00.000-07:00,2022-01-01T00:00:00.000-08:00,21,1591
2021-09-01T00:00:00.000-07:00,2022-01-01T00:00:00.000-08:00,176,94
2021-09-01T00:00:00.000-07:00,2022-01-01T00:00:00.000-08:00,193,13180
2021-09-01T00:00:00.000-07:00,2022-01-01T00:00:00.000-08:00,45,31382
2021-09-01T00:00:00.000-07:00,2022-01-01T00:00:00.000-08:00,90,179364
2021-09-01T00:00:00.000-07:00,2022-01-01T00:00:00.000-08:00,211,112715
2021-09-01T00:00:00.000-07:00,2022-01-01T00:00:00.000-08:00,114,127637
2021-09-01T00:00:00.000-07:00,2022-01-01T00:00:00.000-08:00,147,1507
2021-09-01T00:00:00.000-07:00,2022-01-01T00:00:00.000-08:00,12,6359
2021-09-01T00:00:00.000-07:00,2022-01-01T00:00:00.000-08:00,126,1563
2021-09-01T00:00:00.000-07:00,2022-01-01T00:00:00.000-08:00,140,268969
2021-09-01T00:00:00.000-07:00,2022-01-01T00:00:00.000-08:00,95,15198
2021-09-01T00:00:00.000-07:00,2022-01-01T00:00:00.000-08:00,260,12205
2021-09-01T00:00:00.000-07:00,2022-01-01T00:00:00.000-08:00,157,4086
2021-09-01T00:00:00.000-07:00,2022-01-01T00:00:00.000-08:00,258,3112
2021-09-01T00:00:00.000-07:00,2022-01-01T00:00:00.000-08:00,242,2443
2021-09-01T00:00:00.000-07:00,2022-01-01T00:00:00.000-08:00,48,351542
2021-09-01T00:00:00.000-07:00,2022-01-01T00:00:00.000-08:00,175,1205
2021-09-01T00:00:00.000-07:00,2022-01-01T00:00:00.000-08:00,93,4147
2021-09-01T00:00:00.000-07:00,2022-01-01T00:00:00.000-08:00,101,1409
2021-09-01T00:00:00.000-07:00,2022-01-01T00:00:00.000-08:00,212,1494
2021-09-01T00:00:00.000-07:00,2022-01-01T00:00:00.000-08:00,214,165
2021-09-01T00:00:00.000-07:00,2022-01-01T00:00:00.000-08:00,228,6927
2021-09-01T00:00:00.000-07:00,2022-01-01T00:00:00.000-08:00,220,5566
2021-09-01T00:00:00.000-07:00,2022-01-01T00:00:00.000-08:00,40,11548
2021-09-01T00:00:00.000-07:00,2022-01-01T00:00:00.000-08:00,181,31726
2021-09-01T00:00:00.000-07:00,2022-01-01T00:00:00.000-08:00,184,159
2021-09-01T00:00:00.000-07:00,2022-01-01T00:00:00.000-08:00,163,313244
2021-09-01T00:00:00.000-07:00,2022-01-01T00:00:00.000-08:00,43,183229
2021-09-01T00:00:00.000-07:00,2022-01-01T00:00:00.000-08:00,107,259480
2021-09-01T00:00:00.000-07:00,2022-01-01T00:00:00.000-08:00,246,224753
2021-09-01T00:00:00.000-07:00,2022-01-01T00:00:00.000-08:00,98,1692
2021-09-01T00:00:00.000-07:00,2022-01-01T00:00:00.000-08:00,89,10605
2021-09-01T00:00:00.000-07:00,2022-01-01T00:00:00.000-08:00,51,2817
2021-09-01T00:00:00.000-07:00,2022-01-01T00:00:00.000-08:00,264,78439
2021-09-01T00:00:00.000-07:00,2022-01-01T00:00:00.000-08:00,172,148
2021-09-01T00:00:00.000-07:00,2022-01-01T00:00:00.000-08:00,88,43050
2021-09-01T00:00:00.000-07:00,2022-01-01T00:00:00.000-08:00,9,1494
2021-09-01T00:00:00.000-07:00,2022-01-01T00:00:00.000-08:00,30,88
2021-09-01T00:00:00.000-07:00,2022-01-01T00:00:00.000-08:00,63,2242
2021-09-01T00:00:00.000-07:00,2022-01-01T00:00:00.000-08:00,69,5491
2021-09-01T00:00:00.000-07:00,2022-01-01T00:00:00.000-08:00,152,20163
2021-09-01T00:00:00.000-07:00,2022-01-01T00:00:00.000-08:00,113,165475
2021-09-01T00:00:00.000-07:00,2022-01-01T00:00:00.000-08:00,112,27398
2021-09-01T00:00:00.000-07:00,2022-01-01T00:00:00.000-08:00,39,5167
2021-09-01T00:00:00.000-07:00,2022-01-01T00:00:00.000-08:00,19,1229
2021-09-01T00:00:00.000-07:00,2022-01-01T00:00:00.000-08:00,86,2507
2021-09-01T00:00:00.000-07:00,2022-01-01T00:00:00.000-08:00,144,115254
2021-09-01T00:00:00.000-07:00,2022-01-01T00:00:00.000-08:00,237,570873
2021-09-01T00:00:00.000-07:00,2022-01-01T00:00:00.000-08:00,53,1517
2021-09-01T00:00:00.000-07:00,2022-01-01T00:00:00.000-08:00,59,125
2021-09-01T00:00:00.000-07:00,2022-01-01T00:00:00.000-08:00,156,179
2021-09-01T00:00:00.000-07:00,2022-01-01T00:00:00.000-08:00,109,116
2021-09-01T00:00:00.000-07:00,2022-01-01T00:00:00.000-08:00,224,49027
2021-09-01T00:00:00.000-07:00,2022-01-01T00:00:00.000-08:00,187,151
2021-09-01T00:00:00.000-07:00,2022-01-01T00:00:00.000-08:00,75,178781
2021-09-01T00:00:00.000-07:00,2022-01-01T00:00:00.000-08:00,26,3899
2021-09-01T00:00:00.000-07:00,2022-01-01T00:00:00.000-08:00,74,106105
2021-09-01T00:00:00.000-07:00,2022-01-01T00:00:00.000-08:00,68,313820
2021-09-01T00:00:00.000-07:00,2022-01-01T00:00:00.000-08:00,261,56107
2021-09-01T00:00:00.000-07:00,2022-01-01T00:00:00.000-08:00,52,8362
2021-09-01T00:00:00.000-07:00,2022-01-01T00:00:00.000-08:00,160,4242
2021-09-01T00:00:00.000-07:00,2022-01-01T00:00:00.000-08:00,102,2258
2021-09-01T00:00:00.000-07:00,2022-01-01T00:00:00.000-08:00,132,127117
2021-09-01T00:00:00.000-07:00,2022-01-01T00:00:00.000-08:00,23,629
2021-09-01T00:00:00.000-07:00,2022-01-01T00:00:00.000-08:00,56,4027
2021-09-01T00:00:00.000-07:00,2022-01-01T00:00:00.000-08:00,231,190261
2021-09-01T00:00:00.000-07:00,2022-01-01T00:00:00.000-08:00,18,2660
2021-09-01T00:00:00.000-07:00,2022-01-01T00:00:00.000-08:00,14,8786
2021-09-01T00:00:00.000-07:00,2022-01-01T00:00:00.000-08:00,80,16914
2021-09-01T00:00:00.000-07:00,2022-01-01T00:00:00.000-08:00,225,11730
2021-09-01T00:00:00.000-07:00,2022-01-01T00:00:00.000-08:00,195,3614
2021-09-01T00:00:00.000-07:00,2022-01-01T00:00:00.000-08:00,97,16845
2021-09-01T00:00:00.000-07:00,2022-01-01T00:00:00.000-08:00,81,1468
2021-09-01T00:00:00.000-07:00,2022-01-01T00:00:00.000-08:00,73,1002
2021-09-01T00:00:00.000-07:00,2022-01-01T00:00:00.000-08:00,240,538
2021-09-01T00:00:00.000-07:00,2022-01-01T00:00:00.000-08:00,123,2170
2021-09-01T00:00:00.000-07:00,2022-01-01T00:00:00.000-08:00,122,1145
2021-09-01T00:00:00.000-07:00,2022-01-01T00:00:00.000-08:00,219,3714
2021-09-01T00:00:00.000-07:00,2022-01-01T00:00:00.000-08:00,94,1084
2021-09-01T00:00:00.000-07:00,2022-01-01T00:00:00.000-08:00,6,191
2021-09-01T00:00:00.000-07:00,2022-01-01T00:00:00.000-08:00,244,45624
2021-09-01T00:00:00.000-07:00,2022-01-01T00:00:00.000-08:00,105,5
2021-09-01T00:00:00.000-07:00,2022-01-01T00:00:00.000-08:00,204,49
2021-09-01T00:00:00.000-07:00,2022-01-01T00:00:00.000-08:00,209,33574
2021-09-01T00:00:00.000-07:00,2022-01-01T00:00:00.000-08:00,33,32362
2021-09-01T00:00:00.000-07:00,2022-01-01T00:00:00.000-08:00,65,17694
2021-09-01T00:00:00.000-07:00,2022-01-01T00:00:00.000-08:00,5,79
2021-09-01T00:00:00.000-07:00,2022-01-01T00:00:00.000-08:00,38,2377
2021-09-01T00:00:00.000-07:00,2022-01-01T00:00:00.000-08:00,173,3358
2021-09-01T00:00:00.000-07:00,2022-01-01T00:00:00.000-08:00,79,277191
2021-09-01T00:00:00.000-07:00,2022-01-01T00:00:00.000-08:00,218,3353
2021-09-01T00:00:00.000-07:00,2022-01-01T00:00:00.000-08:00,247,5000
2021-09-01T00:00:00.000-07:00,2022-01-01T00:00:00.000-08:00,2,12
2021-09-01T00:00:00.000-07:00,2022-01-01T00:00:00.000-08:00,24,50155
2021-09-01T00:00:00.000-07:00,2022-01-01T00:00:00.000-08:00,118,268
2021-09-01T00:00:00.000-07:00,2022-01-01T00:00:00.000-08:00,198,6617
2021-09-01T00:00:00.000-07:00,2022-01-01T00:00:00.000-08:00,189,10554
2021-09-01T00:00:00.000-07:00,2022-01-01T00:00:00.000-08:00,203,2087
2021-09-01T00:00:00.000-07:00,2022-01-01T00:00:00.000-08:00,178,1038
2021-09-01T00:00:00.000-07:00,2022-01-01T00:00:00.000-08:00,54,2588
2021-09-01T00:00:00.000-07:00,2022-01-01T00:00:00.000-08:00,111,136
2021-09-01T00:00:00.000-07:00,2022-01-01T00:00:00.000-08:00,136,2041
2021-09-01T00:00:00.000-07:00,2022-01-01T00:00:00.000-08:00,230,350201
2021-09-01T00:00:00.000-07:00,2022-01-01T00:00:00.000-08:00,99,6
2021-09-01T00:00:00.000-07:00,2022-01-01T00:00:00.000-08:00,83,3896
2021-09-01T00:00:00.000-07:00,2022-01-01T00:00:00.000-08:00,215,3450
2021-09-01T00:00:00.000-07:00,2022-01-01T00:00:00.000-08:00,142,371937
2021-09-01T00:00:00.000-07:00,2022-01-01T00:00:00.000-08:00,20,1604
2021-09-01T00:00:00.000-07:00,2022-01-01T00:00:00.000-08:00,29,1835
2021-09-01T00:00:00.000-07:00,2022-01-01T00:00:00.000-08:00,255,31312
2021-09-01T00:00:00.000-07:00,2022-01-01T00:00:00.000-08:00,64,1460
2021-09-01T00:00:00.000-07:00,2022-01-01T00:00:00.000-08:00,1,32653
2021-09-01T00:00:00.000-07:00,2022-01-01T00:00:00.000-08:00,265,39875
2021-09-01T00:00:00.000-07:00,2022-01-01T00:00:00.000-08:00,37,14714
2021-09-01T00:00:00.000-07:00,2022-01-01T00:00:00.000-08:00,70,6289
2021-09-01T00:00:00.000-07:00,2022-01-01T00:00:00.000-08:00,243,25108
2021-09-01T00:00:00.000-07:00,2022-01-01T00:00:00.000-08:00,61,19874
2021-09-01T00:00:00.000-07:00,2022-01-01T00:00:00.000-08:00,239,369656
2021-09-01T00:00:00.000-07:00,2022-01-01T00:00:00.000-08:00,121,2583
2021-09-01T00:00:00.000-07:00,2022-01-01T00:00:00.000-08:00,245,151
2021-09-01T00:00:00.000-07:00,2022-01-01T00:00:00.000-08:00,125,59972
2021-09-01T00:00:00.000-07:00,2022-01-01T00:00:00.000-08:00,49,17681
2021-09-01T00:00:00.000-07:00,2022-01-01T00:00:00.000-08:00,129,21098
2021-09-01T00:00:00.000-07:00,2022-01-01T00:00:00.000-08:00,96,324
2021-09-01T00:00:00.000-07:00,2022-01-01T00:00:00.000-08:00,119,3085
2021-09-01T00:00:00.000-07:00,2022-01-01T00:00:00.000-08:00,13,100318
2021-09-01T00:00:00.000-07:00,2022-01-01T00:00:00.000-08:00,202,6519
2021-09-01T00:00:00.000-07:00,2022-01-01T00:00:00.000-08:00,221,245
2021-09-01T00:00:00.000-07:00,2022-01-01T00:00:00.000-08:00,263,283520
2021-09-01T00:00:00.000-07:00,2022-01-01T00:00:00.000-08:00,208,2076
2021-09-01T00:00:00.000-07:00,2022-01-01T00:00:00.000-08:00,108,1099
2021-09-01T00:00:00.000-07:00,2022-01-01T00:00:00.000-08:00,124,2300
2021-09-01T00:00:00.000-07:00,2022-01-01T00:00:00.000-08:00,15,1513
2021-09-01T00:00:00.000-07:00,2022-01-01T00:00:00.000-08:00,62,6046
2021-09-01T00:00:00.000-07:00,2022-01-01T00:00:00.000-08:00,194,2590
2021-09-01T00:00:00.000-07:00,2022-01-01T00:00:00.000-08:00,148,129473
2021-09-01T00:00:00.000-07:00,2022-01-01T00:00:00.000-08:00,201,1203
2021-09-01T00:00:00.000-07:00,2022-01-01T00:00:00.000-08:00,259,1892
2021-09-01T00:00:00.000-07:00,2022-01-01T00:00:00.000-08:00,183,786
2021-09-01T00:00:00.000-07:00,2022-01-01T00:00:00.000-08:00,169,2716
2021-09-01T00:00:00.000-07:00,2022-01-01T00:00:00.000-08:00,177,3111
2021-09-01T00:00:00.000-07:00,2022-01-01T00:00:00.000-08:00,120,675
2021-09-01T00:00:00.000-07:00,2022-01-01T00:00:00.000-08:00,35,3249
2021-09-01T00:00:00.000-07:00,2022-01-01T00:00:00.000-08:00,10,9067
2021-09-01T00:00:00.000-07:00,2022-01-01T00:00:00.000-08:00,222,1379
2021-09-01T00:00:00.000-07:00,2022-01-01T00:00:00.000-08:00,135,3393
2021-09-01T00:00:00.000-07:00,2022-01-01T00:00:00.000-08:00,164,256622
2021-09-01T00:00:00.000-07:00,2022-01-01T00:00:00.000-08:00,154,194
2021-09-01T00:00:00.000-07:00,2022-01-01T00:00:00.000-08:00,217,5564
2021-09-01T00:00:00.000-07:00,2022-01-01T00:00:00.000-08:00,41,92243
2021-09-01T00:00:00.000-07:00,2022-01-01T00:00:00.000-08:00,8,283
2021-09-01T00:00:00.000-07:00,2022-01-01T00:00:00.000-08:00,207,1468
2021-09-01T00:00:00.000-07:00,2022-01-01T00:00:00.000-08:00,256,28139
2021-09-01T00:00:00.000-07:00,2022-01-01T00:00:00.000-08:00,76,6492
2021-09-01T00:00:00.000-07:00,2022-01-01T00:00:00.000-08:00,71,3137
2021-09-01T00:00:00.000-07:00,2022-01-01T00:00:00.000-08:00,151,133605
2021-09-01T00:00:00.000-07:00,2022-01-01T00:00:00.000-08:00,200,4490
2021-09-01T00:00:00.000-07:00,2022-01-01T00:00:00.000-08:00,161,458782
2021-09-01T00:00:00.000-07:00,2022-01-01T00:00:00.000-08:00,16,2393
2021-09-01T00:00:00.000-07:00,2022-01-01T00:00:00.000-08:00,216,8807
2021-09-01T00:00:00.000-07:00,2022-01-01T00:00:00.000-08:00,11,1008
2021-09-01T00:00:00.000-07:00,2022-01-01T00:00:00.000-08:00,57,466
2021-09-01T00:00:00.000-07:00,2022-01-01T00:00:00.000-08:00,168,9726
2021-09-01T00:00:00.000-07:00,2022-01-01T00:00:00.000-08:00,7,43771
2021-09-01T00:00:00.000-07:00,2022-01-01T00:00:00.000-08:00,82,9071
2021-09-01T00:00:00.000-07:00,2022-01-01T00:00:00.000-08:00,50,143332
2021-09-01T00:00:00.000-07:00,2022-01-01T00:00:00.000-08:00,47,1877
2021-09-01T00:00:00.000-07:00,2022-01-01T00:00:00.000-08:00,180,1395
2021-09-01T00:00:00.000-07:00,2022-01-01T00:00:00.000-08:00,162,343651
2021-09-01T00:00:00.000-07:00,2022-01-01T00:00:00.000-08:00,182,2049
